show_id,type,title,director,cast,country,language,date_added,release_year,imdb_rating,imdb_votes,duration,listed_in,description
s0001,TV Show,Stranger Things 1,,,,,13-Mar-2024,2016,,257987,,Documentaries,"A comedies, dramas story featuring memorable characters and unexpected events."
s0002,TV Show,The Crown 2,Peter Morgan,,United States,English,2025-04-14,2016,8.6,92361,25 min,Thrillers,A international movies story featuring memorable characters and unexpected events.
s0003,TV Show,Money Heist 3,Álex Pina,"Actor One, Actor Two, Actor Three",Spain,Spanish,2017-05-20,2017,8.2,245162,30 min,"Sci-Fi, Fantasy",A thrillers story featuring memorable characters and unexpected events.
s0004,TV Show,Dark 4,"Baran bo Odar, Jantje Friese",,Germany,german,2017-04-28,2017,8.7,441098,35 min,Documentaries,A children & family story featuring memorable characters and unexpected events.
s0005,TV Show,Breaking Bad 5,Vince Gilligan,"Actor One, Actor Two, Actor Three",United States, ENGLISH,2023-08-20,2008,9.5,733252,40 min,International Movies,A romantic movies story featuring memorable characters and unexpected events.
s0006,TV Show,Narcos 6,"Carlo Bernard, Chris Brancato","Lead Actor, Lead Actress",Spain,spanish,2020-02-22,2015,8.8,108375,45 min,"Action, Thriller",A international movies story featuring memorable characters and unexpected events.
s0007,TV Show,Wednesday 7,"Alfred Gough, Miles Millar",,United States, ENGLISH,2018-02-10,2022,8.0,278570,50 min,"Drama, International",A children & family story featuring memorable characters and unexpected events.
s0008,TV Show,Bridgerton 8,Chris Van Dusen,"Main Cast, Supporting Cast",United States,English,2023-01-15,2020,7.4,580056,55 min,"Crime, Drama",A thrillers story featuring memorable characters and unexpected events.
s0009,TV Show,The Witcher 9,Lauren Schmidt Hissrich,"Main Cast, Supporting Cast",United States,Eng,2021-01-30,2019,8.0,49250,60 min,Documentaries,"A crime, drama story featuring memorable characters and unexpected events."
s0010,TV Show,Squid Game 10,Hwang Dong-hyuk,,South Korea,korean,2017-12-02,2021,8.0,292676,65 min,Children & Family,A romantic movies story featuring memorable characters and unexpected events.
s0011,TV Show,The Queen's Gambit 11,"Scott Frank, Allan Scott","Actor One, Actor Two, Actor Three",United States, ENGLISH,2018-11-07,2020,8.5,703929,25 min,"Crime, Drama","A action, thriller story featuring memorable characters and unexpected events."
s0012,TV Show,Peaky Blinders 12,Steven Knight,,United States,english ,2023-11-10,2013,8.8,765744,30 min,Documentaries,"A comedies, dramas story featuring memorable characters and unexpected events."
s0013,TV Show,Black Mirror 13,Charlie Brooker,,United States,English ,2022-03-18,2011,8.7,231483,35 min,Romantic Movies,"A drama, international story featuring memorable characters and unexpected events."
s0014,TV Show,The Umbrella Academy 14,Steve Blackman,,United States,English,2019-08-06,2019,7.8,281946,40 min,"Action, Thriller",A documentaries story featuring memorable characters and unexpected events.
s0015,TV Show,Lupin 15,George Kay,,France, FRENCH,2023-05-22,2021,7.5,416050,45 min,Children & Family,"A comedies, dramas story featuring memorable characters and unexpected events."
s0016,TV Show,Sacred Games 16,"Vikramaditya Motwane, Anurag Kashyap",,India,hindi,2019-12-30,2018,8.5,566358,50 min,"Crime, Drama",A thrillers story featuring memorable characters and unexpected events.
s0017,TV Show,Delhi Crime 17,Richie Mehta,"Lead Actor, Lead Actress",India,Hind,2021-10-30,2019,8.5,231174,55 min,"Comedies, Dramas","A sci-fi, fantasy story featuring memorable characters and unexpected events."
s0018,TV Show,Paatal Lok 18,Sudip Sharma,"Main Cast, Supporting Cast",India,Hindi,2022-07-24,2020,8.1,161465,60 min,"Comedies, Dramas",A international movies story featuring memorable characters and unexpected events.
s0019,TV Show,Kota Factory 19,Saurabh Khanna,,India,Hindi,2023-09-18,2019,9.0,626034,65 min,Children & Family,"A sci-fi, fantasy story featuring memorable characters and unexpected events."
s0020,TV Show,The Family Man 20,"Raj Nidimoru, Krishna D.K.","Main Cast, Supporting Cast",India,Hind,2019-11-05,2019,8.7,716025,25 min,"Sci-Fi, Fantasy","A crime, drama story featuring memorable characters and unexpected events."
s0021,Movie,The Irishman 21,Martin Scorsese,"Main Cast, Supporting Cast",United States, ENGLISH,2024-03-19,2019,7.8,308957,209 min,International Movies,"A comedies, dramas story featuring memorable characters and unexpected events."
s0022,Movie,Extraction 22,Sam Hargrave,"Lead Actor, Lead Actress",United States,English,2022-02-11,2020,6.8,526102,116 min,"Comedies, Dramas","A sci-fi, fantasy story featuring memorable characters and unexpected events."
s0023,Movie,Bird Box 23,Susanne Bier,"Lead Actor, Lead Actress",United States,english ,2018-03-21,2018,6.6,671187,124 min,"Sci-Fi, Fantasy",A thrillers story featuring memorable characters and unexpected events.
s0024,Movie,Red Notice 24,Rawson Marshall Thurber,"Lead Actor, Lead Actress",United States,english,2019-04-04,2021,6.3,800750,118 min,"Comedies, Dramas","A sci-fi, fantasy story featuring memorable characters and unexpected events."
s0025,Movie,The Gray Man 25,"Anthony Russo, Joe Russo",,United States,English,2022-12-22,2022,6.5,341102,122 min,Children & Family,"A drama, international story featuring memorable characters and unexpected events."
s0026,Movie,Enola Holmes 26,Harry Bradbeer,"Lead Actor, Lead Actress",United States, ENGLISH,2018-04-13,2020,6.6,252283,123 min,"Drama, International",A documentaries story featuring memorable characters and unexpected events.
s0027,Movie,Glass Onion 27,Rian Johnson,"Main Cast, Supporting Cast",United States,English,2023-05-22,2022,7.1,768660,139 min,Children & Family,"A action, thriller story featuring memorable characters and unexpected events."
s0028,Movie,All Quiet on the Western Front 28,Edward Berger,"Actor One, Actor Two, Actor Three",Germany,german,2022-12-31,2022,7.8,692998,148 min,Children & Family,"A sci-fi, fantasy story featuring memorable characters and unexpected events."
s0029,Movie,Roma 29,Alfonso Cuarón,,Spain, SPANISH,2018-11-17,2018,7.7,637259,135 min,International Movies,A documentaries story featuring memorable characters and unexpected events.
s0030,Movie,The Platform 30,Galder Gaztelu-Urrutia,"Lead Actor, Lead Actress",Spain,spanish,2023-01-27,2019,7.0,419573,94 min,Romantic Movies,A children & family story featuring memorable characters and unexpected events.
s0031,Movie,The Mitchells vs. the Machines 31,"Michael Rianda, Jeff Rowe","Main Cast, Supporting Cast",United States,English ,2022-10-30,2021,7.6,261147,114 min,Documentaries,"A action, thriller story featuring memorable characters and unexpected events."
s0032,Movie,Klaus 32,Sergio Pablos,,United States,English,2020-10-25,2019,8.2,582028,96 min,Documentaries,A thrillers story featuring memorable characters and unexpected events.
s0033,Movie,The Half of It 33,Alice Wu,"Main Cast, Supporting Cast",United States,English,2019-07-01,2020,6.9,743425,104 min,"Drama, International",A documentaries story featuring memorable characters and unexpected events.
s0034,Movie,Dangal 34,Nitesh Tiwari,"Lead Actor, Lead Actress",India,Hindi,2017-10-13,2016,8.3,75499,161 min,"Sci-Fi, Fantasy",A documentaries story featuring memorable characters and unexpected events.
s0035,Movie,Andhadhun 35,Sriram Raghavan,"Actor One, Actor Two, Actor Three",India,Hindi ,2020-02-24,2018,8.2,566627,139 min,"Comedies, Dramas",A thrillers story featuring memorable characters and unexpected events.
s0036,Movie,Drishyam 36,Nishikant Kamat,"Actor One, Actor Two, Actor Three",India,Hindi ,2023-06-28,2015,8.2,823933,163 min,Children & Family,A international movies story featuring memorable characters and unexpected events.
s0037,Movie,RRR 37,S. S. Rajamouli,"Main Cast, Supporting Cast",India,Telugu,2019-02-28,2022,7.8,692193,187 min,International Movies,A romantic movies story featuring memorable characters and unexpected events.
s0038,Movie,Kantara 38,Rishab Shetty,,India,Kannada ,2021-10-10,2022,8.6,765691,148 min,"Drama, International","A action, thriller story featuring memorable characters and unexpected events."
s0039,Movie,The Lunchbox 39,Ritesh Batra,"Lead Actor, Lead Actress",India,Hindi ,2017-09-15,2013,7.8,840682,104 min,"Action, Thriller",A documentaries story featuring memorable characters and unexpected events.
s0040,Movie,3 Idiots 40,Rajkumar Hirani,,India,hindi,2019-03-05,2009,8.4,471605,170 min,"Comedies, Dramas",A international movies story featuring memorable characters and unexpected events.
s0041,Movie,Zindagi Na Milegi Dobara 41,Zoya Akhtar,,India, HINDI,2019-01-31,2011,8.2,263141,155 min,"Action, Thriller",A children & family story featuring memorable characters and unexpected events.
s0042,Movie,Kabhi Khushi Kabhie Gham 42,Karan Johar,"Main Cast, Supporting Cast",India,Hindi,2023-03-14,2001,7.4,685023,210 min,"Sci-Fi, Fantasy","A drama, international story featuring memorable characters and unexpected events."
s0043,Movie,Jawan 43,Atlee,"Actor One, Actor Two, Actor Three",India,hindi,2018-01-27,2023,6.9,427356,169 min,Children & Family,A children & family story featuring memorable characters and unexpected events.
s0044,Movie,The Killer 44,David Fincher,"Main Cast, Supporting Cast",United States,English ,04-Jun-2019,2023,6.7,173834,118 min,International Movies,"A drama, international story featuring memorable characters and unexpected events."
s0045,Movie,Maestro 45,Bradley Cooper,,United States, ENGLISH,2021-05-28,2023,6.5,300305,129 min,International Movies,"A sci-fi, fantasy story featuring memorable characters and unexpected events."
s0046,Movie,Society of the Snow 46,J. A. Bayona,"Actor One, Actor Two, Actor Three",Spain,Spanish ,2024-06-13,2023,7.8,200322,144 min,"Crime, Drama",A documentaries story featuring memorable characters and unexpected events.
s0047,Movie,The Adam Project 47,Shawn Levy,,United States,Eng,2017-09-06,2022,6.7,65118,106 min,Romantic Movies,"A drama, international story featuring memorable characters and unexpected events."
s0048,Movie,Don't Look Up 48,Adam McKay,,United States,Eng,2017-08-03,2021,7.2,528476,138 min,"Sci-Fi, Fantasy","A comedies, dramas story featuring memorable characters and unexpected events."
s0049,Movie,The Power of the Dog 49,Jane Campion,"Main Cast, Supporting Cast",United States,Eng,2017-08-30,2021,6.8,196051,126 min,"Action, Thriller",A thrillers story featuring memorable characters and unexpected events.
s0050,Movie,Marriage Story 50,Noah Baumbach,"Actor One, Actor Two, Actor Three",United States,english ,2017-10-15,2019,7.9,424589,137 min,"Action, Thriller",A thrillers story featuring memorable characters and unexpected events.
s0051,TV Show,Stranger Things 51,The Duffer Brothers,"Main Cast, Supporting Cast",United States,Eng,2019-10-15,2016,8.7,650668,30 min,"Action, Thriller",A international movies story featuring memorable characters and unexpected events.
s0052,TV Show,The Crown 52,Peter Morgan,,United States,Eng,2024-05-25,2016,8.6,332937,35 min,"Crime, Drama",A documentaries story featuring memorable characters and unexpected events.
s0053,TV Show,Money Heist 53,Álex Pina,"Lead Actor, Lead Actress",Spain, SPANISH,2024-07-15,2017,8.2,416211,40 min,"Comedies, Dramas","A crime, drama story featuring memorable characters and unexpected events."
s0054,TV Show,Dark 54,"Baran bo Odar, Jantje Friese","Main Cast, Supporting Cast",Germany, GERMAN,2022-02-25,2017,8.7,481747,45 min,Thrillers,A thrillers story featuring memorable characters and unexpected events.
s0055,TV Show,Breaking Bad 55,Vince Gilligan,"Actor One, Actor Two, Actor Three",United States,English,2018-02-23,2008,9.5,531658,50 min,"Crime, Drama","A comedies, dramas story featuring memorable characters and unexpected events."
s0056,TV Show,Narcos 56,"Carlo Bernard, Chris Brancato","Lead Actor, Lead Actress",Spain,Spanish,2020-12-09,2015,8.8,300030,55 min,"Comedies, Dramas",A children & family story featuring memorable characters and unexpected events.
s0057,TV Show,Wednesday 57,"Alfred Gough, Miles Millar",,United States,english ,2023-02-13,2022,8.0,847505,60 min,"Sci-Fi, Fantasy","A drama, international story featuring memorable characters and unexpected events."
s0058,TV Show,Bridgerton 58,Chris Van Dusen,"Main Cast, Supporting Cast",United States,Eng,2024-07-07,2020,7.4,142014,65 min,"Crime, Drama","A action, thriller story featuring memorable characters and unexpected events."
s0059,TV Show,The Witcher 59,Lauren Schmidt Hissrich,"Actor One, Actor Two, Actor Three",United States,english ,2018-03-24,2019,8.0,286777,25 min,"Crime, Drama",A thrillers story featuring memorable characters and unexpected events.
s0060,TV Show,Squid Game 60,Hwang Dong-hyuk,"Lead Actor, Lead Actress",South Korea, KOREAN,2019-05-22,2021,8.0,531159,30 min,Children & Family,"A crime, drama story featuring memorable characters and unexpected events."
s0061,TV Show,The Queen's Gambit 61,"Scott Frank, Allan Scott",,United States,English,2017-08-06,2020,8.5,291320,35 min,"Drama, International","A drama, international story featuring memorable characters and unexpected events."
s0062,TV Show,Peaky Blinders 62,Steven Knight,"Lead Actor, Lead Actress",United States,english,2020-10-07,2013,8.8,170630,40 min,Children & Family,"A sci-fi, fantasy story featuring memorable characters and unexpected events."
s0063,TV Show,Black Mirror 63,Charlie Brooker,"Main Cast, Supporting Cast",United States,English ,2024-12-09,2011,8.7,118508,45 min,"Action, Thriller","A comedies, dramas story featuring memorable characters and unexpected events."
s0064,TV Show,The Umbrella Academy 64,Steve Blackman,,United States,English,2023-02-22,2019,7.8,580564,50 min,"Comedies, Dramas",A international movies story featuring memorable characters and unexpected events.
s0065,TV Show,Lupin 65,George Kay,"Lead Actor, Lead Actress",France,French,2018-06-16,2021,7.5,835994,55 min,"Drama, International",A romantic movies story featuring memorable characters and unexpected events.
s0066,TV Show,Sacred Games 66,"Vikramaditya Motwane, Anurag Kashyap","Main Cast, Supporting Cast",India,hindi,2019-05-20,2018,8.5,372058,60 min,"Sci-Fi, Fantasy",A international movies story featuring memorable characters and unexpected events.
s0067,TV Show,Delhi Crime 67,Richie Mehta,"Actor One, Actor Two, Actor Three",India,hindi,2023-12-27,2019,8.5,839942,65 min,"Comedies, Dramas",A international movies story featuring memorable characters and unexpected events.
s0068,TV Show,Paatal Lok 68,,"Lead Actor, Lead Actress",India,hindi,2017-04-21,2020,8.1,821591,25 min,International Movies,A documentaries story featuring memorable characters and unexpected events.
s0069,TV Show,Kota Factory 69,Saurabh Khanna,"Main Cast, Supporting Cast",India,hindi,2020-01-07,2019,9.0,402324,30 min,"Drama, International",A children & family story featuring memorable characters and unexpected events.
s0070,TV Show,The Family Man 70,"Raj Nidimoru, Krishna D.K.","Lead Actor, Lead Actress",India,hindi,2019-07-10,2019,8.7,321215,35 min,Documentaries,A documentaries story featuring memorable characters and unexpected events.
s0071,Movie,The Irishman 71,Martin Scorsese,"Actor One, Actor Two, Actor Three",United States,english ,2017-04-16,2019,7.8,419021,209 min,Romantic Movies,"A crime, drama story featuring memorable characters and unexpected events."
s0072,Movie,Extraction 72,Sam Hargrave,"Lead Actor, Lead Actress",United States, ENGLISH,"October 21, 2017",2020,6.8,673842,116 min,"Sci-Fi, Fantasy",A international movies story featuring memorable characters and unexpected events.
s0073,Movie,Bird Box 73,Susanne Bier,"Lead Actor, Lead Actress",United States,Eng,2024-08-24,2018,6.6,30141,124 min,"Action, Thriller","A crime, drama story featuring memorable characters and unexpected events."
s0074,Movie,Red Notice 74,Rawson Marshall Thurber,"Lead Actor, Lead Actress",United States,Eng,2019-01-11,2021,6.3,41315,118 min,"Action, Thriller",A thrillers story featuring memorable characters and unexpected events.
s0075,Movie,The Gray Man 75,"Anthony Russo, Joe Russo","Lead Actor, Lead Actress",United States, ENGLISH,2021-11-24,2022,6.5,458792,122 min,Thrillers,"A sci-fi, fantasy story featuring memorable characters and unexpected events."
s0076,Movie,Enola Holmes 76,Harry Bradbeer,,United States,English ,2018-04-28,2020,6.6,200512,123 min,"Crime, Drama","A drama, international story featuring memorable characters and unexpected events."
s0077,Movie,Glass Onion 77,Rian Johnson,"Main Cast, Supporting Cast",United States,English ,2024-12-22,2022,7.1,546375,139 min,"Sci-Fi, Fantasy",A documentaries story featuring memorable characters and unexpected events.
s0078,Movie,All Quiet on the Western Front 78,Edward Berger,"Main Cast, Supporting Cast",Germany,German ,2021-02-09,2022,7.8,697703,148 min,Romantic Movies,A thrillers story featuring memorable characters and unexpected events.
s0079,Movie,Roma 79,Alfonso Cuarón,"Lead Actor, Lead Actress",Spain,Spanish,2020-07-18,2018,7.7,532956,135 min,"Crime, Drama",A international movies story featuring memorable characters and unexpected events.
s0080,Movie,The Platform 80,Galder Gaztelu-Urrutia,,Spain,Spanish ,2020-09-07,2019,7.0,582543,94 min,"Comedies, Dramas",A documentaries story featuring memorable characters and unexpected events.
s0081,Movie,The Mitchells vs. the Machines 81,"Michael Rianda, Jeff Rowe",,United States,english ,2021-09-28,2021,7.6,711419,114 min,"Comedies, Dramas",A thrillers story featuring memorable characters and unexpected events.
s0082,Movie,Klaus 82,Sergio Pablos,,United States, ENGLISH,2023-05-30,2019,8.2,575753,96 min,"Drama, International","A crime, drama story featuring memorable characters and unexpected events."
s0083,Movie,The Half of It 83,Alice Wu,,United States,english,2020-03-30,2020,6.9,825127,104 min,Thrillers,A thrillers story featuring memorable characters and unexpected events.
s0084,Movie,Dangal 84,Nitesh Tiwari,,, HINDI,2024-05-14,2016,8.3,464446,161 min,Children & Family,A documentaries story featuring memorable characters and unexpected events.
s0085,Movie,Andhadhun 85,Sriram Raghavan,"Actor One, Actor Two, Actor Three",India,Hindi ,2022-10-04,2018,8.2,692055,139 min,"Action, Thriller","A crime, drama story featuring memorable characters and unexpected events."
s0086,Movie,Drishyam 86,Nishikant Kamat,"Lead Actor, Lead Actress",India,Hind,2022-10-22,2015,8.2,99123,163 min,Documentaries,"A crime, drama story featuring memorable characters and unexpected events."
s0087,Movie,RRR 87,S. S. Rajamouli,"Actor One, Actor Two, Actor Three",India,telugu,19-Jul-2019,2022,7.8,26811,187 min,"Drama, International",A documentaries story featuring memorable characters and unexpected events.
s0088,Movie,Kantara 88,Rishab Shetty,,India,Kannada,2022-05-10,2022,8.6,435772,148 min,Thrillers,A documentaries story featuring memorable characters and unexpected events.
s0089,Movie,The Lunchbox 89,Ritesh Batra,,India,Hindi ,2025-01-30,2013,7.8,420266,104 min,Documentaries,"A comedies, dramas story featuring memorable characters and unexpected events."
s0090,Movie,3 Idiots 90,Rajkumar Hirani,"Main Cast, Supporting Cast",India,Hindi,2024-05-20,2009,,817432,170 min,International Movies,A documentaries story featuring memorable characters and unexpected events.
s0091,Movie,Zindagi Na Milegi Dobara 91,Zoya Akhtar,,India,Hind,2018-12-31,2011,8.2,53857,155 min,"Sci-Fi, Fantasy",A documentaries story featuring memorable characters and unexpected events.
s0092,Movie,Kabhi Khushi Kabhie Gham 92,Karan Johar,"Actor One, Actor Two, Actor Three",India,Hindi ,2018-05-22,2001,7.4,841546,210 min,Children & Family,"A sci-fi, fantasy story featuring memorable characters and unexpected events."
s0093,Movie,Jawan 93,Atlee,"Lead Actor, Lead Actress",India,Hind,2023-04-18,2023,6.9,793137,169 min,Children & Family,A thrillers story featuring memorable characters and unexpected events.
s0094,Movie,The Killer 94,David Fincher,,United States,Eng,2025-02-03,2023,6.7,575685,118 min,Children & Family,"A comedies, dramas story featuring memorable characters and unexpected events."
s0095,Movie,Maestro 95,Bradley Cooper,,United States,English ,2025-05-14,2023,6.5,272982,129 min,Documentaries,"A crime, drama story featuring memorable characters and unexpected events."
s0096,Movie,Society of the Snow 96,J. A. Bayona,"Actor One, Actor Two, Actor Three",Spain,Spanish ,2022-11-15,2023,7.8,289136,144 min,Children & Family,"A action, thriller story featuring memorable characters and unexpected events."
s0097,Movie,The Adam Project 97,Shawn Levy,"Actor One, Actor Two, Actor Three",United States, ENGLISH,2025-01-10,2022,6.7,286113,106 min,Romantic Movies,A romantic movies story featuring memorable characters and unexpected events.
s0098,Movie,Don't Look Up 98,Adam McKay,"Actor One, Actor Two, Actor Three",United States,,2023-01-31,2021,7.2,159357,138 min,Documentaries,A international movies story featuring memorable characters and unexpected events.
s0099,Movie,The Power of the Dog 99,Jane Campion,"Actor One, Actor Two, Actor Three",United States,english,2024-10-22,2021,6.8,68548,126 min,International Movies,A international movies story featuring memorable characters and unexpected events.
s0100,Movie,Marriage Story 100,Noah Baumbach,,United States,Eng,2020-09-26,2019,7.9,437170,137 min,"Drama, International",A documentaries story featuring memorable characters and unexpected events.
s0101,TV Show,Stranger Things 101,The Duffer Brothers,"Main Cast, Supporting Cast",United States,English ,2021-09-26,2016,8.7,803984,40 min,Thrillers,A international movies story featuring memorable characters and unexpected events.
s0102,TV Show,The Crown 102,Peter Morgan,"Lead Actor, Lead Actress",United States,English,2022-05-17,2016,8.6,791275,45 min,International Movies,A international movies story featuring memorable characters and unexpected events.
s0103,TV Show,Money Heist 103,Álex Pina,"Actor One, Actor Two, Actor Three",Spain,Español,2023-01-23,2017,8.2,513145,50 min,Documentaries,"A crime, drama story featuring memorable characters and unexpected events."
s0104,TV Show,Dark 104,"Baran bo Odar, Jantje Friese",,Germany,German ,2021-11-30,2017,8.7,353657,,International Movies,"A comedies, dramas story featuring memorable characters and unexpected events."
s0105,TV Show,Breaking Bad 105,Vince Gilligan,,United States,english,2022-04-08,2008,9.5,29476,55 min,International Movies,A thrillers story featuring memorable characters and unexpected events.
s0106,TV Show,Narcos 106,"Carlo Bernard, Chris Brancato",,Spain,Spanish,2023-05-10,2015,8.8,143491,60 min,Children & Family,"A comedies, dramas story featuring memorable characters and unexpected events."
s0107,TV Show,Wednesday 107,"Alfred Gough, Miles Millar","Lead Actor, Lead Actress",United States, ENGLISH,2017-08-03,2022,8.0,223141,65 min,Children & Family,A romantic movies story featuring memorable characters and unexpected events.
s0108,TV Show,Bridgerton 108,Chris Van Dusen,,United States,English ,2020-10-23,2020,7.4,265725,25 min,"Action, Thriller",A children & family story featuring memorable characters and unexpected events.
s0109,TV Show,The Witcher 109,Lauren Schmidt Hissrich,"Main Cast, Supporting Cast",United States,english ,2017-03-30,2019,8.0,368160,30 min,Documentaries,"A action, thriller story featuring memorable characters and unexpected events."
s0110,TV Show,Squid Game 110,Hwang Dong-hyuk,"Actor One, Actor Two, Actor Three",South Korea,Korean,2024-05-02,2021,8.0,210244,35 min,"Drama, International",A thrillers story featuring memorable characters and unexpected events.
s0111,TV Show,The Queen's Gambit 111,"Scott Frank, Allan Scott",,United States,english,2018-09-26,2020,8.5,703178,40 min,"Action, Thriller",A thrillers story featuring memorable characters and unexpected events.
s0112,TV Show,Peaky Blinders 112,Steven Knight,"Lead Actor, Lead Actress",United States,English ,2019-06-21,2013,8.8,805350,45 min,Romantic Movies,"A comedies, dramas story featuring memorable characters and unexpected events."
s0113,TV Show,Black Mirror 113,Charlie Brooker,"Main Cast, Supporting Cast",United States,Eng,2023-10-27,2011,8.7,816773,50 min,"Comedies, Dramas","A crime, drama story featuring memorable characters and unexpected events."
s0114,TV Show,The Umbrella Academy 114,Steve Blackman,"Lead Actor, Lead Actress",United States,Eng,2018-03-28,2019,7.8,604966,55 min,International Movies,A international movies story featuring memorable characters and unexpected events.
s0115,TV Show,Lupin 115,George Kay,,France,french,2025-01-16,2021,7.5,725361,60 min,Documentaries,"A action, thriller story featuring memorable characters and unexpected events."
s0116,TV Show,Sacred Games 116,"Vikramaditya Motwane, Anurag Kashyap",,India, HINDI,2024-11-04,2018,8.5,845857,65 min,"Action, Thriller",A thrillers story featuring memorable characters and unexpected events.
s0117,TV Show,Delhi Crime 117,Richie Mehta,,India, HINDI,2017-06-27,2019,8.5,694855,25 min,Romantic Movies,"A action, thriller story featuring memorable characters and unexpected events."
s0118,TV Show,Paatal Lok 118,Sudip Sharma,,India, HINDI,2022-09-13,2020,8.1,515213,30 min,"Action, Thriller",A international movies story featuring memorable characters and unexpected events.
s0119,TV Show,Kota Factory 119,Saurabh Khanna,"Actor One, Actor Two, Actor Three",India,Hindi ,2021-02-01,2019,9.0,457841,35 min,"Comedies, Dramas","A sci-fi, fantasy story featuring memorable characters and unexpected events."
s0120,TV Show,The Family Man 120,"Raj Nidimoru, Krishna D.K.",,India, HINDI,2024-04-27,2019,8.7,813470,40 min,Children & Family,A children & family story featuring memorable characters and unexpected events.
s0121,Movie,The Irishman 121,Martin Scorsese,,United States,english ,2021-11-29,2019,7.8,282633,209 min,Romantic Movies,A documentaries story featuring memorable characters and unexpected events.
s0122,Movie,Extraction 122,Sam Hargrave,,United States, ENGLISH,2017-12-30,2020,6.8,256909,116 min,Children & Family,A thrillers story featuring memorable characters and unexpected events.
s0123,Movie,Bird Box 123,Susanne Bier,,United States,english ,2023-11-14,2018,6.6,353937,124 min,"Drama, International",A children & family story featuring memorable characters and unexpected events.
s0124,Movie,Red Notice 124,Rawson Marshall Thurber,,United States,english,2020-09-02,2021,6.3,223623,118 min,Romantic Movies,"A crime, drama story featuring memorable characters and unexpected events."
s0125,Movie,The Gray Man 125,"Anthony Russo, Joe Russo",,United States, ENGLISH,2020-11-04,2022,6.5,736444,122 min,"Crime, Drama","A sci-fi, fantasy story featuring memorable characters and unexpected events."
s0126,Movie,Enola Holmes 126,Harry Bradbeer,"Actor One, Actor Two, Actor Three",United States,Eng,2017-02-20,2020,6.6,90971,123 min,Documentaries,A international movies story featuring memorable characters and unexpected events.
s0127,Movie,Glass Onion 127,Rian Johnson,"Actor One, Actor Two, Actor Three",United States,Eng,2022-07-04,2022,7.1,725356,139 min,Children & Family,A children & family story featuring memorable characters and unexpected events.
s0128,Movie,All Quiet on the Western Front 128,Edward Berger,"Main Cast, Supporting Cast",Germany,German,2022-01-19,2022,7.8,309728,148 min,Documentaries,A international movies story featuring memorable characters and unexpected events.
s0129,Movie,Roma 129,Alfonso Cuarón,"Lead Actor, Lead Actress",Spain,spanish,2024-10-13,2018,7.7,697412,135 min,Thrillers,A romantic movies story featuring memorable characters and unexpected events.
s0130,Movie,The Platform 130,Galder Gaztelu-Urrutia,,Spain,Español,02-May-2022,2019,7.0,361655,94 min,International Movies,"A sci-fi, fantasy story featuring memorable characters and unexpected events."
s0131,Movie,The Mitchells vs. the Machines 131,"Michael Rianda, Jeff Rowe",,United States, ENGLISH,2020-09-25,2021,7.6,285276,114 min,"Crime, Drama","A crime, drama story featuring memorable characters and unexpected events."
s0132,Movie,Klaus 132,Sergio Pablos,"Actor One, Actor Two, Actor Three",United States,English,2019-08-12,2019,8.2,332076,96 min,"Action, Thriller","A sci-fi, fantasy story featuring memorable characters and unexpected events."
s0133,Movie,The Half of It 133,Alice Wu,"Actor One, Actor Two, Actor Three",United States,english,2024-10-06,2020,6.9,228095,104 min,Children & Family,"A crime, drama story featuring memorable characters and unexpected events."
s0134,Movie,Dangal 134,Nitesh Tiwari,,India,Hind,2025-02-24,2016,8.3,626980,161 min,"Crime, Drama","A action, thriller story featuring memorable characters and unexpected events."
s0135,Movie,Andhadhun 135,,"Actor One, Actor Two, Actor Three",India, HINDI,2019-03-16,2018,8.2,379611,139 min,"Comedies, Dramas","A crime, drama story featuring memorable characters and unexpected events."
s0136,Movie,Drishyam 136,Nishikant Kamat,"Actor One, Actor Two, Actor Three",India,Hind,2017-03-08,2015,8.2,288836,163 min,"Drama, International","A drama, international story featuring memorable characters and unexpected events."
s0137,Movie,RRR 137,S. S. Rajamouli,"Actor One, Actor Two, Actor Three",India, TELUGU,2023-03-26,2022,7.8,670054,187 min,Children & Family,"A action, thriller story featuring memorable characters and unexpected events."
s0138,Movie,Kantara 138,Rishab Shetty,,India, KANNADA,2017-03-01,2022,8.6,503168,148 min,Children & Family,A romantic movies story featuring memorable characters and unexpected events.
s0139,Movie,The Lunchbox 139,Ritesh Batra,"Lead Actor, Lead Actress",India,Hindi,2019-02-04,2013,7.8,502135,104 min,"Action, Thriller","A action, thriller story featuring memorable characters and unexpected events."
s0140,Movie,3 Idiots 140,Rajkumar Hirani,"Main Cast, Supporting Cast",India,Hindi ,2021-07-09,2009,8.4,606250,170 min,"Drama, International","A comedies, dramas story featuring memorable characters and unexpected events."
s0141,Movie,Zindagi Na Milegi Dobara 141,Zoya Akhtar,"Lead Actor, Lead Actress",India,Hind,2018-09-13,2011,8.2,90518,155 min,Documentaries,"A action, thriller story featuring memorable characters and unexpected events."
s0142,Movie,Kabhi Khushi Kabhie Gham 142,Karan Johar,,India,Hindi ,2023-04-14,2001,7.4,626284,210 min,Thrillers,A documentaries story featuring memorable characters and unexpected events.
s0143,Movie,Jawan 143,Atlee,,India,Hindi ,"November 20, 2022",2023,6.9,465426,169 min,"Crime, Drama",A thrillers story featuring memorable characters and unexpected events.
s0144,Movie,The Killer 144,David Fincher,,United States, ENGLISH,2021-11-01,2023,6.7,652394,118 min,"Drama, International",A thrillers story featuring memorable characters and unexpected events.
s0145,Movie,Maestro 145,Bradley Cooper,"Actor One, Actor Two, Actor Three",United States,English,2025-04-29,2023,6.5,657100,129 min,Documentaries,"A crime, drama story featuring memorable characters and unexpected events."
s0146,Movie,Society of the Snow 146,J. A. Bayona,"Actor One, Actor Two, Actor Three",Spain,Spanish,2024-06-07,2023,7.8,252716,144 min,"Comedies, Dramas","A sci-fi, fantasy story featuring memorable characters and unexpected events."
s0147,Movie,The Adam Project 147,Shawn Levy,"Main Cast, Supporting Cast",United States,english,2017-11-13,2022,6.7,429561,106 min,Children & Family,A thrillers story featuring memorable characters and unexpected events.
s0148,Movie,Don't Look Up 148,Adam McKay,"Main Cast, Supporting Cast",United States, ENGLISH,2022-04-18,2021,7.2,243920,138 min,"Crime, Drama","A crime, drama story featuring memorable characters and unexpected events."
s0149,Movie,The Power of the Dog 149,Jane Campion,"Main Cast, Supporting Cast",United States,English ,2024-11-28,2021,6.8,721975,126 min,Documentaries,"A crime, drama story featuring memorable characters and unexpected events."
s0150,Movie,Marriage Story 150,Noah Baumbach,"Actor One, Actor Two, Actor Three",United States,Eng,2024-01-14,2019,7.9,446990,137 min,"Action, Thriller","A sci-fi, fantasy story featuring memorable characters and unexpected events."
s0151,TV Show,Stranger Things 151,The Duffer Brothers,"Lead Actor, Lead Actress",United States,english ,2019-07-19,2016,8.7,150345,45 min,"Action, Thriller","A drama, international story featuring memorable characters and unexpected events."
s0152,TV Show,The Crown 152,Peter Morgan,,United States, ENGLISH,2018-11-20,2016,8.6,303830,50 min,Children & Family,"A action, thriller story featuring memorable characters and unexpected events."
s0153,TV Show,Money Heist 153,Álex Pina,,Spain, SPANISH,2022-04-13,2017,8.2,286670,55 min,"Sci-Fi, Fantasy","A sci-fi, fantasy story featuring memorable characters and unexpected events."
s0154,TV Show,Dark 154,"Baran bo Odar, Jantje Friese",,Germany,German ,2022-07-25,2017,8.7,42997,60 min,International Movies,A romantic movies story featuring memorable characters and unexpected events.
s0155,TV Show,Breaking Bad 155,Vince Gilligan,"Main Cast, Supporting Cast",United States, ENGLISH,2023-10-18,2008,9.5,241244,65 min,Thrillers,A thrillers story featuring memorable characters and unexpected events.
s0156,TV Show,Narcos 156,"Carlo Bernard, Chris Brancato","Main Cast, Supporting Cast",Spain, SPANISH,2017-04-04,2015,8.8,801377,25 min,"Comedies, Dramas",A children & family story featuring memorable characters and unexpected events.
s0157,TV Show,Wednesday 157,"Alfred Gough, Miles Millar","Lead Actor, Lead Actress",United States,english ,2022-11-05,2022,8.0,191505,30 min,Thrillers,A international movies story featuring memorable characters and unexpected events.
s0158,TV Show,Bridgerton 158,Chris Van Dusen,,United States,English ,2024-02-23,2020,7.4,366063,35 min,International Movies,A romantic movies story featuring memorable characters and unexpected events.
s0159,TV Show,The Witcher 159,Lauren Schmidt Hissrich,,United States,english ,2020-08-17,2019,8.0,347024,40 min,International Movies,A children & family story featuring memorable characters and unexpected events.
s0160,TV Show,Squid Game 160,Hwang Dong-hyuk,"Main Cast, Supporting Cast",South Korea,Korean ,2020-04-04,2021,8.0,478119,45 min,"Action, Thriller",A romantic movies story featuring memorable characters and unexpected events.
s0161,TV Show,The Queen's Gambit 161,"Scott Frank, Allan Scott",,United States, ENGLISH,2019-11-09,2020,8.5,540793,50 min,"Drama, International","A sci-fi, fantasy story featuring memorable characters and unexpected events."
s0162,TV Show,Peaky Blinders 162,Steven Knight,"Actor One, Actor Two, Actor Three",United States,English ,2022-03-17,2013,8.8,544823,55 min,Romantic Movies,A thrillers story featuring memorable characters and unexpected events.
s0163,TV Show,Black Mirror 163,Charlie Brooker,,United States,English ,2025-07-05,2011,8.7,798107,60 min,"Drama, International",A documentaries story featuring memorable characters and unexpected events.
s0164,TV Show,The Umbrella Academy 164,Steve Blackman,"Lead Actor, Lead Actress",United States,Eng,2020-01-08,2019,7.8,460598,65 min,Children & Family,"A action, thriller story featuring memorable characters and unexpected events."
s0165,TV Show,Lupin 165,George Kay,"Actor One, Actor Two, Actor Three",France,french,2017-05-08,2021,7.5,327045,25 min,"Sci-Fi, Fantasy","A drama, international story featuring memorable characters and unexpected events."
s0166,TV Show,Sacred Games 166,"Vikramaditya Motwane, Anurag Kashyap","Actor One, Actor Two, Actor Three",India,Hindi ,2023-03-22,2018,8.5,120172,30 min,Children & Family,"A action, thriller story featuring memorable characters and unexpected events."
s0167,TV Show,Delhi Crime 167,Richie Mehta,"Lead Actor, Lead Actress",,hindi,2024-04-16,2019,8.5,534790,35 min,"Crime, Drama",A international movies story featuring memorable characters and unexpected events.
s0168,TV Show,Paatal Lok 168,Sudip Sharma,,India,Hindi ,2022-06-09,2020,8.1,579243,40 min,"Comedies, Dramas",A international movies story featuring memorable characters and unexpected events.
s0169,TV Show,Kota Factory 169,Saurabh Khanna,"Actor One, Actor Two, Actor Three",India,Hind,2019-03-01,2019,9.0,74401,45 min,"Crime, Drama",A international movies story featuring memorable characters and unexpected events.
s0170,TV Show,The Family Man 170,"Raj Nidimoru, Krishna D.K.","Main Cast, Supporting Cast",India,Hind,2020-11-02,2019,8.7,297778,50 min,"Crime, Drama",A thrillers story featuring memorable characters and unexpected events.
s0171,Movie,The Irishman 171,Martin Scorsese,,United States,english ,2023-07-13,2019,7.8,157013,209 min,Children & Family,"A sci-fi, fantasy story featuring memorable characters and unexpected events."
s0172,Movie,Extraction 172,Sam Hargrave,"Lead Actor, Lead Actress",United States, ENGLISH,2022-06-16,2020,6.8,579927,116 min,"Sci-Fi, Fantasy",A international movies story featuring memorable characters and unexpected events.
s0173,Movie,Bird Box 173,Susanne Bier,"Actor One, Actor Two, Actor Three",United States, ENGLISH,18-Feb-2022,2018,6.6,732580,124 min,Documentaries,A thrillers story featuring memorable characters and unexpected events.
s0174,Movie,Red Notice 174,Rawson Marshall Thurber,,United States,english,2021-04-27,2021,6.3,46967,118 min,Romantic Movies,A children & family story featuring memorable characters and unexpected events.
s0175,Movie,The Gray Man 175,"Anthony Russo, Joe Russo",,United States,English ,2024-12-07,2022,6.5,697128,122 min,"Comedies, Dramas",A children & family story featuring memorable characters and unexpected events.
s0176,Movie,Enola Holmes 176,Harry Bradbeer,,United States,english,2017-06-10,2020,6.6,620049,123 min,Romantic Movies,"A action, thriller story featuring memorable characters and unexpected events."
s0177,Movie,Glass Onion 177,Rian Johnson,,United States,English,2021-12-18,2022,7.1,480323,139 min,"Drama, International","A comedies, dramas story featuring memorable characters and unexpected events."
s0178,Movie,All Quiet on the Western Front 178,Edward Berger,"Main Cast, Supporting Cast",Germany,german,2021-08-16,2022,7.8,493496,148 min,"Crime, Drama",A romantic movies story featuring memorable characters and unexpected events.
s0179,Movie,Roma 179,Alfonso Cuarón,"Main Cast, Supporting Cast",Spain,Spanish ,2024-01-06,2018,,345725,135 min,"Sci-Fi, Fantasy",A international movies story featuring memorable characters and unexpected events.
s0180,Movie,The Platform 180,Galder Gaztelu-Urrutia,,Spain,Spanish ,2020-07-30,2019,7.0,38842,94 min,Thrillers,"A action, thriller story featuring memorable characters and unexpected events."
s0181,Movie,The Mitchells vs. the Machines 181,"Michael Rianda, Jeff Rowe","Lead Actor, Lead Actress",United States,english ,2019-08-29,2021,7.6,239736,114 min,"Action, Thriller",A international movies story featuring memorable characters and unexpected events.
s0182,Movie,Klaus 182,Sergio Pablos,"Main Cast, Supporting Cast",United States,english ,2018-02-17,2019,8.2,466430,96 min,"Comedies, Dramas","A crime, drama story featuring memorable characters and unexpected events."
s0183,Movie,The Half of It 183,Alice Wu,"Lead Actor, Lead Actress",United States,English,2017-05-08,2020,6.9,836016,104 min,"Drama, International","A crime, drama story featuring memorable characters and unexpected events."
s0184,Movie,Dangal 184,Nitesh Tiwari,,India, HINDI,2021-01-17,2016,8.3,153840,161 min,Documentaries,"A sci-fi, fantasy story featuring memorable characters and unexpected events."
s0185,Movie,Andhadhun 185,Sriram Raghavan,"Actor One, Actor Two, Actor Three",India,Hind,2021-08-24,2018,8.2,179440,139 min,"Comedies, Dramas","A action, thriller story featuring memorable characters and unexpected events."
s0186,Movie,Drishyam 186,Nishikant Kamat,,India,Hindi ,2023-11-11,2015,8.2,717518,163 min,Documentaries,A children & family story featuring memorable characters and unexpected events.
s0187,Movie,RRR 187,S. S. Rajamouli,"Actor One, Actor Two, Actor Three",India,telugu,2023-07-26,2022,7.8,484750,187 min,"Crime, Drama",A children & family story featuring memorable characters and unexpected events.
s0188,Movie,Kantara 188,Rishab Shetty,,India,Kannada,2019-11-21,2022,8.6,302803,148 min,"Sci-Fi, Fantasy","A comedies, dramas story featuring memorable characters and unexpected events."
s0189,Movie,The Lunchbox 189,Ritesh Batra,"Lead Actor, Lead Actress",India,Hindi ,2017-11-08,2013,7.8,617313,104 min,"Crime, Drama",A international movies story featuring memorable characters and unexpected events.
s0190,Movie,3 Idiots 190,Rajkumar Hirani,,India, HINDI,2024-10-07,2009,8.4,317997,170 min,Documentaries,A international movies story featuring memorable characters and unexpected events.
s0191,Movie,Zindagi Na Milegi Dobara 191,Zoya Akhtar,"Actor One, Actor Two, Actor Three",India,Hindi,2022-06-12,2011,8.2,401089,155 min,Thrillers,A romantic movies story featuring memorable characters and unexpected events.
s0192,Movie,Kabhi Khushi Kabhie Gham 192,Karan Johar,"Lead Actor, Lead Actress",India, HINDI,2023-06-22,2001,7.4,24205,210 min,International Movies,"A crime, drama story featuring memorable characters and unexpected events."
s0193,Movie,Jawan 193,Atlee,"Main Cast, Supporting Cast",India,Hind,2017-02-12,2023,6.9,637063,169 min,Children & Family,"A crime, drama story featuring memorable characters and unexpected events."
s0194,Movie,The Killer 194,David Fincher,"Lead Actor, Lead Actress",United States,Eng,2019-08-10,2023,6.7,230842,118 min,Documentaries,A thrillers story featuring memorable characters and unexpected events.
s0195,Movie,Maestro 195,Bradley Cooper,"Actor One, Actor Two, Actor Three",United States,,2019-11-02,2023,6.5,659965,129 min,"Action, Thriller","A drama, international story featuring memorable characters and unexpected events."
s0196,Movie,Society of the Snow 196,J. A. Bayona,"Main Cast, Supporting Cast",Spain,Spanish ,2020-06-28,2023,7.8,608927,144 min,Romantic Movies,"A comedies, dramas story featuring memorable characters and unexpected events."
s0197,Movie,The Adam Project 197,Shawn Levy,"Lead Actor, Lead Actress",United States, ENGLISH,2018-01-14,2022,6.7,784990,106 min,International Movies,"A comedies, dramas story featuring memorable characters and unexpected events."
s0198,Movie,Don't Look Up 198,Adam McKay,,United States,english,2019-04-12,2021,7.2,384829,138 min,"Sci-Fi, Fantasy","A sci-fi, fantasy story featuring memorable characters and unexpected events."
s0199,Movie,The Power of the Dog 199,Jane Campion,"Lead Actor, Lead Actress",United States,english,2020-01-31,2021,6.8,506454,126 min,"Crime, Drama",A romantic movies story featuring memorable characters and unexpected events.
s0200,Movie,Marriage Story 200,Noah Baumbach,"Main Cast, Supporting Cast",United States,English ,2018-04-26,2019,7.9,148794,137 min,Documentaries,A international movies story featuring memorable characters and unexpected events.
s0201,TV Show,Stranger Things 201,The Duffer Brothers,,United States, ENGLISH,2023-04-11,2016,8.7,15794,55 min,"Crime, Drama","A sci-fi, fantasy story featuring memorable characters and unexpected events."
s0202,TV Show,The Crown 202,,"Lead Actor, Lead Actress",United States,English ,2018-05-31,2016,8.6,614155,60 min,International Movies,A romantic movies story featuring memorable characters and unexpected events.
s0203,TV Show,Money Heist 203,Álex Pina,"Main Cast, Supporting Cast",Spain,spanish,2018-03-29,2017,8.2,650841,65 min,"Sci-Fi, Fantasy",A romantic movies story featuring memorable characters and unexpected events.
s0204,TV Show,Dark 204,"Baran bo Odar, Jantje Friese","Main Cast, Supporting Cast",Germany,german,2023-11-13,2017,8.7,667469,25 min,Children & Family,"A crime, drama story featuring memorable characters and unexpected events."
s0205,TV Show,Breaking Bad 205,Vince Gilligan,"Actor One, Actor Two, Actor Three",United States,English ,2024-04-22,2008,9.5,48749,30 min,"Drama, International","A crime, drama story featuring memorable characters and unexpected events."
s0206,TV Show,Narcos 206,"Carlo Bernard, Chris Brancato","Actor One, Actor Two, Actor Three",Spain,Spanish,2022-07-20,2015,8.8,564858,35 min,"Comedies, Dramas",A international movies story featuring memorable characters and unexpected events.
s0207,TV Show,Wednesday 207,"Alfred Gough, Miles Millar",,United States, ENGLISH,2022-02-11,2022,8.0,440686,,Thrillers,"A comedies, dramas story featuring memorable characters and unexpected events."
s0208,TV Show,Bridgerton 208,Chris Van Dusen,,United States,english ,2021-09-05,2020,7.4,646758,40 min,International Movies,"A crime, drama story featuring memorable characters and unexpected events."
s0209,TV Show,The Witcher 209,Lauren Schmidt Hissrich,"Actor One, Actor Two, Actor Three",United States,english ,2017-05-24,2019,8.0,466120,45 min,Children & Family,A documentaries story featuring memorable characters and unexpected events.
s0210,TV Show,Squid Game 210,Hwang Dong-hyuk,"Lead Actor, Lead Actress",South Korea,Korean,2021-02-03,2021,8.0,572113,50 min,Romantic Movies,"A drama, international story featuring memorable characters and unexpected events."
s0211,TV Show,The Queen's Gambit 211,"Scott Frank, Allan Scott","Main Cast, Supporting Cast",United States, ENGLISH,2021-06-28,2020,8.5,478005,55 min,"Action, Thriller",A documentaries story featuring memorable characters and unexpected events.
s0212,TV Show,Peaky Blinders 212,Steven Knight,"Main Cast, Supporting Cast",United States,english ,2024-03-22,2013,8.8,54235,60 min,Romantic Movies,A documentaries story featuring memorable characters and unexpected events.
s0213,TV Show,Black Mirror 213,Charlie Brooker,"Main Cast, Supporting Cast",United States,Eng,2018-06-09,2011,8.7,803525,65 min,"Sci-Fi, Fantasy",A documentaries story featuring memorable characters and unexpected events.
s0214,TV Show,The Umbrella Academy 214,Steve Blackman,"Lead Actor, Lead Actress",United States,english,"August 08, 2023",2019,7.8,813184,25 min,"Comedies, Dramas",A thrillers story featuring memorable characters and unexpected events.
s0215,TV Show,Lupin 215,George Kay,"Actor One, Actor Two, Actor Three",France, FRENCH,2017-01-21,2021,7.5,567656,30 min,"Crime, Drama","A comedies, dramas story featuring memorable characters and unexpected events."
s0216,TV Show,Sacred Games 216,"Vikramaditya Motwane, Anurag Kashyap","Main Cast, Supporting Cast",India,Hindi,05-Apr-2018,2018,8.5,376844,35 min,Documentaries,A thrillers story featuring memorable characters and unexpected events.
s0217,TV Show,Delhi Crime 217,Richie Mehta,"Lead Actor, Lead Actress",India,Hindi,2020-08-28,2019,8.5,56144,40 min,"Comedies, Dramas",A international movies story featuring memorable characters and unexpected events.
s0218,TV Show,Paatal Lok 218,Sudip Sharma,"Main Cast, Supporting Cast",India,Hindi,2022-12-04,2020,8.1,500580,45 min,Children & Family,A romantic movies story featuring memorable characters and unexpected events.
s0219,TV Show,Kota Factory 219,Saurabh Khanna,,India,Hind,2022-10-13,2019,9.0,529513,50 min,Documentaries,A thrillers story featuring memorable characters and unexpected events.
s0220,TV Show,The Family Man 220,"Raj Nidimoru, Krishna D.K.",,India,Hind,2017-07-06,2019,8.7,675791,55 min,"Drama, International","A drama, international story featuring memorable characters and unexpected events."
s0221,Movie,The Irishman 221,Martin Scorsese,,United States,English ,2022-05-25,2019,7.8,720625,209 min,"Action, Thriller",A children & family story featuring memorable characters and unexpected events.
s0222,Movie,Extraction 222,Sam Hargrave,"Main Cast, Supporting Cast",United States,English ,2025-01-05,2020,6.8,85914,116 min,Romantic Movies,A thrillers story featuring memorable characters and unexpected events.
s0223,Movie,Bird Box 223,Susanne Bier,"Actor One, Actor Two, Actor Three",United States,English,2018-09-09,2018,6.6,289575,124 min,Thrillers,A thrillers story featuring memorable characters and unexpected events.
s0224,Movie,Red Notice 224,Rawson Marshall Thurber,"Lead Actor, Lead Actress",United States,english ,2023-03-06,2021,6.3,400607,118 min,Thrillers,"A sci-fi, fantasy story featuring memorable characters and unexpected events."
s0225,Movie,The Gray Man 225,"Anthony Russo, Joe Russo",,United States,English ,2020-05-01,2022,6.5,636036,122 min,International Movies,"A action, thriller story featuring memorable characters and unexpected events."
s0226,Movie,Enola Holmes 226,Harry Bradbeer,,United States,English,2024-11-23,2020,6.6,757055,123 min,Documentaries,A international movies story featuring memorable characters and unexpected events.
s0227,Movie,Glass Onion 227,Rian Johnson,,United States,english,2022-02-02,2022,7.1,356595,139 min,Children & Family,A international movies story featuring memorable characters and unexpected events.
s0228,Movie,All Quiet on the Western Front 228,Edward Berger,"Lead Actor, Lead Actress",Germany,German,2021-09-09,2022,7.8,448694,148 min,Romantic Movies,"A crime, drama story featuring memorable characters and unexpected events."
s0229,Movie,Roma 229,Alfonso Cuarón,,Spain,spanish,2021-03-23,2018,7.7,71594,135 min,"Action, Thriller","A action, thriller story featuring memorable characters and unexpected events."
s0230,Movie,The Platform 230,Galder Gaztelu-Urrutia,"Main Cast, Supporting Cast",Spain,Spanish ,2018-01-26,2019,7.0,781958,94 min,Romantic Movies,"A comedies, dramas story featuring memorable characters and unexpected events."
s0231,Movie,The Mitchells vs. the Machines 231,"Michael Rianda, Jeff Rowe",,United States,English,2023-04-07,2021,7.6,590066,114 min,"Sci-Fi, Fantasy",A romantic movies story featuring memorable characters and unexpected events.
s0232,Movie,Klaus 232,Sergio Pablos,,United States,English,2024-07-16,2019,8.2,371974,96 min,International Movies,"A drama, international story featuring memorable characters and unexpected events."
s0233,Movie,The Half of It 233,Alice Wu,"Lead Actor, Lead Actress",United States,Eng,2020-04-02,2020,6.9,369927,104 min,"Action, Thriller",A thrillers story featuring memorable characters and unexpected events.
s0234,Movie,Dangal 234,Nitesh Tiwari,"Actor One, Actor Two, Actor Three",India,hindi,2022-09-19,2016,8.3,689837,161 min,Children & Family,A documentaries story featuring memorable characters and unexpected events.
s0235,Movie,Andhadhun 235,Sriram Raghavan,,India, HINDI,2018-03-29,2018,8.2,386615,139 min,"Action, Thriller","A crime, drama story featuring memorable characters and unexpected events."
s0236,Movie,Drishyam 236,Nishikant Kamat,,India,hindi,2023-06-19,2015,8.2,589415,163 min,Thrillers,A thrillers story featuring memorable characters and unexpected events.
s0237,Movie,RRR 237,S. S. Rajamouli,,India,Telugu,2024-08-05,2022,7.8,690986,187 min,"Crime, Drama","A drama, international story featuring memorable characters and unexpected events."
s0238,Movie,Kantara 238,Rishab Shetty,,India, KANNADA,2019-01-18,2022,8.6,357531,148 min,Romantic Movies,"A drama, international story featuring memorable characters and unexpected events."
s0239,Movie,The Lunchbox 239,Ritesh Batra,,India,hindi,2019-01-23,2013,7.8,690475,104 min,International Movies,"A action, thriller story featuring memorable characters and unexpected events."
s0240,Movie,3 Idiots 240,Rajkumar Hirani,"Main Cast, Supporting Cast",India,Hindi,2018-08-14,2009,8.4,783554,170 min,"Sci-Fi, Fantasy",A documentaries story featuring memorable characters and unexpected events.
s0241,Movie,Zindagi Na Milegi Dobara 241,Zoya Akhtar,,India,Hindi ,2021-03-30,2011,8.2,358655,155 min,"Comedies, Dramas",A romantic movies story featuring memorable characters and unexpected events.
s0242,Movie,Kabhi Khushi Kabhie Gham 242,Karan Johar,,India, HINDI,2020-07-09,2001,7.4,626385,210 min,"Action, Thriller","A drama, international story featuring memorable characters and unexpected events."
s0243,Movie,Jawan 243,Atlee,,India,hindi,2018-10-09,2023,6.9,53379,169 min,"Action, Thriller","A crime, drama story featuring memorable characters and unexpected events."
s0244,Movie,The Killer 244,David Fincher,,United States,english ,2021-12-29,2023,6.7,510453,118 min,Thrillers,A children & family story featuring memorable characters and unexpected events.
s0245,Movie,Maestro 245,Bradley Cooper,"Actor One, Actor Two, Actor Three",United States, ENGLISH,2021-09-02,2023,6.5,792815,129 min,"Sci-Fi, Fantasy","A action, thriller story featuring memorable characters and unexpected events."
s0246,Movie,Society of the Snow 246,J. A. Bayona,"Main Cast, Supporting Cast",Spain,Spanish ,2020-11-23,2023,7.8,298205,144 min,Thrillers,A children & family story featuring memorable characters and unexpected events.
s0247,Movie,The Adam Project 247,Shawn Levy,"Lead Actor, Lead Actress",United States,english ,2022-12-08,2022,6.7,48823,106 min,Documentaries,A international movies story featuring memorable characters and unexpected events.
s0248,Movie,Don't Look Up 248,Adam McKay,"Main Cast, Supporting Cast",United States,English,2023-09-30,2021,7.2,215553,138 min,"Crime, Drama",A documentaries story featuring memorable characters and unexpected events.
s0249,Movie,The Power of the Dog 249,Jane Campion,"Lead Actor, Lead Actress",United States, ENGLISH,2018-07-26,2021,6.8,345261,126 min,"Action, Thriller","A drama, international story featuring memorable characters and unexpected events."
s0250,Movie,Marriage Story 250,Noah Baumbach,,,english ,2022-08-09,2019,7.9,185429,137 min,"Comedies, Dramas",A international movies story featuring memorable characters and unexpected events.
s0251,TV Show,Stranger Things 251,The Duffer Brothers,,United States,english ,2022-12-31,2016,8.7,587064,60 min,Romantic Movies,"A action, thriller story featuring memorable characters and unexpected events."
s0252,TV Show,The Crown 252,Peter Morgan,,United States,english ,2021-06-24,2016,8.6,20851,65 min,Children & Family,"A action, thriller story featuring memorable characters and unexpected events."
s0253,TV Show,Money Heist 253,Álex Pina,,Spain,Español,2020-07-15,2017,8.2,425268,25 min,International Movies,"A crime, drama story featuring memorable characters and unexpected events."
s0254,TV Show,Dark 254,"Baran bo Odar, Jantje Friese","Lead Actor, Lead Actress",Germany,German ,2018-04-26,2017,8.7,181422,30 min,Thrillers,A children & family story featuring memorable characters and unexpected events.
s0255,TV Show,Breaking Bad 255,Vince Gilligan,,United States, ENGLISH,2024-10-04,2008,9.5,112205,35 min,Documentaries,A international movies story featuring memorable characters and unexpected events.
s0256,TV Show,Narcos 256,"Carlo Bernard, Chris Brancato","Main Cast, Supporting Cast",Spain,Spanish ,2023-08-19,2015,8.8,416191,40 min,"Crime, Drama",A romantic movies story featuring memorable characters and unexpected events.
s0257,TV Show,Wednesday 257,"Alfred Gough, Miles Millar","Main Cast, Supporting Cast",United States, ENGLISH,2019-07-06,2022,8.0,536480,45 min,"Action, Thriller","A sci-fi, fantasy story featuring memorable characters and unexpected events."
s0258,TV Show,Bridgerton 258,Chris Van Dusen,"Lead Actor, Lead Actress",United States,english,2022-09-29,2020,7.4,763912,50 min,"Comedies, Dramas",A documentaries story featuring memorable characters and unexpected events.
s0259,TV Show,The Witcher 259,Lauren Schmidt Hissrich,"Actor One, Actor Two, Actor Three",United States,english,07-Mar-2018,2019,8.0,183126,55 min,Thrillers,"A comedies, dramas story featuring memorable characters and unexpected events."
s0260,TV Show,Squid Game 260,Hwang Dong-hyuk,,South Korea,Korean,2024-05-17,2021,8.0,487690,60 min,Thrillers,A thrillers story featuring memorable characters and unexpected events.
s0261,TV Show,The Queen's Gambit 261,"Scott Frank, Allan Scott",,United States,english ,2022-01-22,2020,8.5,340108,65 min,Romantic Movies,"A comedies, dramas story featuring memorable characters and unexpected events."
s0262,TV Show,Peaky Blinders 262,Steven Knight,,United States,English,2021-12-16,2013,8.8,663255,25 min,"Crime, Drama","A crime, drama story featuring memorable characters and unexpected events."
s0263,TV Show,Black Mirror 263,Charlie Brooker,,United States,English,2023-08-29,2011,8.7,78994,30 min,"Crime, Drama",A children & family story featuring memorable characters and unexpected events.
s0264,TV Show,The Umbrella Academy 264,Steve Blackman,"Lead Actor, Lead Actress",United States,English,2022-02-04,2019,7.8,302222,35 min,"Action, Thriller","A action, thriller story featuring memorable characters and unexpected events."
s0265,TV Show,Lupin 265,George Kay,,France,French ,2023-12-04,2021,7.5,582442,40 min,"Drama, International",A children & family story featuring memorable characters and unexpected events.
s0266,TV Show,Sacred Games 266,"Vikramaditya Motwane, Anurag Kashyap",,India,hindi,2023-06-09,2018,8.5,499933,45 min,"Sci-Fi, Fantasy","A comedies, dramas story featuring memorable characters and unexpected events."
s0267,TV Show,Delhi Crime 267,Richie Mehta,"Lead Actor, Lead Actress",India,Hindi ,2017-09-20,2019,8.5,750214,50 min,"Action, Thriller","A sci-fi, fantasy story featuring memorable characters and unexpected events."
s0268,TV Show,Paatal Lok 268,Sudip Sharma,"Actor One, Actor Two, Actor Three",India,hindi,2024-04-09,2020,,743195,55 min,Children & Family,A children & family story featuring memorable characters and unexpected events.
s0269,TV Show,Kota Factory 269,,"Actor One, Actor Two, Actor Three",India,Hind,2022-11-26,2019,9.0,382774,60 min,Romantic Movies,"A crime, drama story featuring memorable characters and unexpected events."
s0270,TV Show,The Family Man 270,"Raj Nidimoru, Krishna D.K.",,India,Hindi ,2021-05-15,2019,8.7,56109,65 min,Romantic Movies,"A action, thriller story featuring memorable characters and unexpected events."
s0271,Movie,The Irishman 271,Martin Scorsese,,United States,English,2020-09-21,2019,7.8,712532,209 min,International Movies,"A crime, drama story featuring memorable characters and unexpected events."
s0272,Movie,Extraction 272,Sam Hargrave,,United States,english ,2019-11-08,2020,6.8,158877,116 min,Romantic Movies,"A action, thriller story featuring memorable characters and unexpected events."
s0273,Movie,Bird Box 273,Susanne Bier,"Actor One, Actor Two, Actor Three",United States,english ,2023-07-24,2018,6.6,368013,124 min,"Crime, Drama",A international movies story featuring memorable characters and unexpected events.
s0274,Movie,Red Notice 274,Rawson Marshall Thurber,"Main Cast, Supporting Cast",United States,Eng,2018-06-22,2021,6.3,325820,118 min,"Sci-Fi, Fantasy",A international movies story featuring memorable characters and unexpected events.
s0275,Movie,The Gray Man 275,"Anthony Russo, Joe Russo","Actor One, Actor Two, Actor Three",United States, ENGLISH,2024-03-29,2022,6.5,703867,122 min,"Sci-Fi, Fantasy","A action, thriller story featuring memorable characters and unexpected events."
s0276,Movie,Enola Holmes 276,Harry Bradbeer,,United States,english ,2024-04-09,2020,6.6,534388,123 min,Romantic Movies,"A drama, international story featuring memorable characters and unexpected events."
s0277,Movie,Glass Onion 277,Rian Johnson,"Actor One, Actor Two, Actor Three",United States, ENGLISH,2021-02-03,2022,7.1,225797,139 min,Romantic Movies,A children & family story featuring memorable characters and unexpected events.
s0278,Movie,All Quiet on the Western Front 278,Edward Berger,"Actor One, Actor Two, Actor Three",Germany,german,2019-03-07,2022,7.8,163671,148 min,"Action, Thriller","A crime, drama story featuring memorable characters and unexpected events."
s0279,Movie,Roma 279,Alfonso Cuarón,,Spain,Español,2018-02-28,2018,7.7,775724,135 min,"Sci-Fi, Fantasy","A drama, international story featuring memorable characters and unexpected events."
s0280,Movie,The Platform 280,Galder Gaztelu-Urrutia,,Spain, SPANISH,2024-06-13,2019,7.0,138614,94 min,Thrillers,A international movies story featuring memorable characters and unexpected events.
s0281,Movie,The Mitchells vs. the Machines 281,"Michael Rianda, Jeff Rowe","Actor One, Actor Two, Actor Three",United States,english,2018-10-03,2021,7.6,727701,114 min,Thrillers,"A comedies, dramas story featuring memorable characters and unexpected events."
s0282,Movie,Klaus 282,Sergio Pablos,"Main Cast, Supporting Cast",United States,English ,2025-02-10,2019,8.2,432016,96 min,Romantic Movies,A documentaries story featuring memorable characters and unexpected events.
s0283,Movie,The Half of It 283,Alice Wu,"Lead Actor, Lead Actress",United States,Eng,2022-01-03,2020,6.9,790139,104 min,Children & Family,A documentaries story featuring memorable characters and unexpected events.
s0284,Movie,Dangal 284,Nitesh Tiwari,"Lead Actor, Lead Actress",India,hindi,2023-01-06,2016,8.3,849103,161 min,Children & Family,A documentaries story featuring memorable characters and unexpected events.
s0285,Movie,Andhadhun 285,Sriram Raghavan,,India,Hind,"February 24, 2021",2018,8.2,485306,139 min,"Crime, Drama",A international movies story featuring memorable characters and unexpected events.
s0286,Movie,Drishyam 286,Nishikant Kamat,,India,Hind,2022-08-31,2015,8.2,171130,163 min,Documentaries,A thrillers story featuring memorable characters and unexpected events.
s0287,Movie,RRR 287,S. S. Rajamouli,"Main Cast, Supporting Cast",India, TELUGU,2018-07-30,2022,7.8,673524,187 min,Children & Family,A romantic movies story featuring memorable characters and unexpected events.
s0288,Movie,Kantara 288,Rishab Shetty,,India,Kannada,2023-03-31,2022,8.6,131934,148 min,"Crime, Drama","A action, thriller story featuring memorable characters and unexpected events."
s0289,Movie,The Lunchbox 289,Ritesh Batra,,India, HINDI,2018-10-28,2013,7.8,539489,104 min,"Comedies, Dramas",A international movies story featuring memorable characters and unexpected events.
s0290,Movie,3 Idiots 290,Rajkumar Hirani,,India,hindi,2018-01-20,2009,8.4,367766,170 min,"Drama, International",A international movies story featuring memorable characters and unexpected events.
s0291,Movie,Zindagi Na Milegi Dobara 291,Zoya Akhtar,,India,Hindi ,2017-08-16,2011,8.2,393327,155 min,Documentaries,A international movies story featuring memorable characters and unexpected events.
s0292,Movie,Kabhi Khushi Kabhie Gham 292,Karan Johar,"Actor One, Actor Two, Actor Three",India,,2017-12-10,2001,7.4,30756,210 min,Romantic Movies,"A action, thriller story featuring memorable characters and unexpected events."
s0293,Movie,Jawan 293,Atlee,"Actor One, Actor Two, Actor Three",India, HINDI,2025-01-15,2023,6.9,145483,169 min,"Drama, International","A crime, drama story featuring memorable characters and unexpected events."
s0294,Movie,The Killer 294,David Fincher,"Actor One, Actor Two, Actor Three",United States,english ,2022-04-29,2023,6.7,796902,118 min,Children & Family,A children & family story featuring memorable characters and unexpected events.
s0295,Movie,Maestro 295,Bradley Cooper,"Main Cast, Supporting Cast",United States,English,2023-12-05,2023,6.5,21127,129 min,"Crime, Drama",A documentaries story featuring memorable characters and unexpected events.
s0296,Movie,Society of the Snow 296,J. A. Bayona,,Spain,Español,2018-09-14,2023,7.8,554608,144 min,International Movies,"A action, thriller story featuring memorable characters and unexpected events."
s0297,Movie,The Adam Project 297,Shawn Levy,"Lead Actor, Lead Actress",United States,english,2020-04-04,2022,6.7,128967,106 min,"Drama, International",A documentaries story featuring memorable characters and unexpected events.
s0298,Movie,Don't Look Up 298,Adam McKay,,United States,english ,2021-09-25,2021,7.2,480518,138 min,"Action, Thriller","A action, thriller story featuring memorable characters and unexpected events."
s0299,Movie,The Power of the Dog 299,Jane Campion,,United States,Eng,2022-08-19,2021,6.8,18433,126 min,"Sci-Fi, Fantasy",A thrillers story featuring memorable characters and unexpected events.
s0300,Movie,Marriage Story 300,Noah Baumbach,"Actor One, Actor Two, Actor Three",United States,english ,2019-09-27,2019,7.9,306620,137 min,International Movies,"A drama, international story featuring memorable characters and unexpected events."
s0301,TV Show,Stranger Things 301,The Duffer Brothers,,United States, ENGLISH,2023-12-03,2016,8.7,438002,25 min,"Comedies, Dramas","A action, thriller story featuring memorable characters and unexpected events."
s0302,TV Show,The Crown 302,Peter Morgan,,United States, ENGLISH,24-Nov-2022,2016,8.6,571711,30 min,"Sci-Fi, Fantasy","A sci-fi, fantasy story featuring memorable characters and unexpected events."
s0303,TV Show,Money Heist 303,Álex Pina,,Spain,Spanish,2023-03-29,2017,8.2,46849,35 min,International Movies,A romantic movies story featuring memorable characters and unexpected events.
s0304,TV Show,Dark 304,"Baran bo Odar, Jantje Friese","Main Cast, Supporting Cast",Germany,German,2019-11-14,2017,8.7,362751,40 min,Documentaries,"A action, thriller story featuring memorable characters and unexpected events."
s0305,TV Show,Breaking Bad 305,Vince Gilligan,"Actor One, Actor Two, Actor Three",United States,english ,2023-07-21,2008,9.5,47689,45 min,Romantic Movies,"A sci-fi, fantasy story featuring memorable characters and unexpected events."
s0306,TV Show,Narcos 306,"Carlo Bernard, Chris Brancato",,Spain,spanish,2020-10-27,2015,8.8,730368,50 min,Children & Family,"A comedies, dramas story featuring memorable characters and unexpected events."
s0307,TV Show,Wednesday 307,"Alfred Gough, Miles Millar",,United States,English,2018-07-16,2022,8.0,39980,55 min,"Crime, Drama",A documentaries story featuring memorable characters and unexpected events.
s0308,TV Show,Bridgerton 308,Chris Van Dusen,"Lead Actor, Lead Actress",United States,english,2017-07-08,2020,7.4,326338,60 min,"Sci-Fi, Fantasy",A international movies story featuring memorable characters and unexpected events.
s0309,TV Show,The Witcher 309,Lauren Schmidt Hissrich,"Main Cast, Supporting Cast",United States,English ,2023-02-12,2019,8.0,791082,65 min,Documentaries,"A crime, drama story featuring memorable characters and unexpected events."
s0310,TV Show,Squid Game 310,Hwang Dong-hyuk,"Lead Actor, Lead Actress",South Korea,Korean,2021-01-11,2021,8.0,287688,,"Action, Thriller",A romantic movies story featuring memorable characters and unexpected events.
s0311,TV Show,The Queen's Gambit 311,"Scott Frank, Allan Scott",,United States,English ,2021-12-04,2020,8.5,406626,25 min,Romantic Movies,"A comedies, dramas story featuring memorable characters and unexpected events."
s0312,TV Show,Peaky Blinders 312,Steven Knight,"Lead Actor, Lead Actress",United States,english ,2022-08-04,2013,8.8,837220,30 min,"Sci-Fi, Fantasy","A crime, drama story featuring memorable characters and unexpected events."
s0313,TV Show,Black Mirror 313,Charlie Brooker,"Main Cast, Supporting Cast",United States,english ,2017-12-14,2011,8.7,452724,35 min,Thrillers,"A comedies, dramas story featuring memorable characters and unexpected events."
s0314,TV Show,The Umbrella Academy 314,Steve Blackman,"Main Cast, Supporting Cast",United States, ENGLISH,2023-02-22,2019,7.8,85158,40 min,Romantic Movies,"A crime, drama story featuring memorable characters and unexpected events."
s0315,TV Show,Lupin 315,George Kay,,France,French ,2020-06-18,2021,7.5,175939,45 min,Children & Family,A romantic movies story featuring memorable characters and unexpected events.
s0316,TV Show,Sacred Games 316,"Vikramaditya Motwane, Anurag Kashyap","Lead Actor, Lead Actress",India,Hindi,2022-01-15,2018,8.5,645918,50 min,International Movies,"A crime, drama story featuring memorable characters and unexpected events."
s0317,TV Show,Delhi Crime 317,Richie Mehta,,India,Hindi,2024-03-13,2019,8.5,382159,55 min,"Sci-Fi, Fantasy","A comedies, dramas story featuring memorable characters and unexpected events."
s0318,TV Show,Paatal Lok 318,Sudip Sharma,,India,hindi,2017-05-17,2020,8.1,37689,60 min,"Comedies, Dramas","A action, thriller story featuring memorable characters and unexpected events."
s0319,TV Show,Kota Factory 319,Saurabh Khanna,,India, HINDI,2019-09-03,2019,9.0,595999,65 min,"Drama, International",A thrillers story featuring memorable characters and unexpected events.
s0320,TV Show,The Family Man 320,"Raj Nidimoru, Krishna D.K.","Lead Actor, Lead Actress",India,Hindi ,2018-09-30,2019,8.7,466704,25 min,"Action, Thriller",A thrillers story featuring memorable characters and unexpected events.
s0321,Movie,The Irishman 321,Martin Scorsese,"Lead Actor, Lead Actress",United States,Eng,2018-07-27,2019,7.8,418568,209 min,Romantic Movies,"A crime, drama story featuring memorable characters and unexpected events."
s0322,Movie,Extraction 322,Sam Hargrave,"Main Cast, Supporting Cast",United States,English,2019-10-29,2020,6.8,772611,116 min,"Comedies, Dramas",A children & family story featuring memorable characters and unexpected events.
s0323,Movie,Bird Box 323,Susanne Bier,,United States,English ,2022-10-31,2018,6.6,124681,124 min,"Crime, Drama","A crime, drama story featuring memorable characters and unexpected events."
s0324,Movie,Red Notice 324,Rawson Marshall Thurber,"Actor One, Actor Two, Actor Three",United States,English ,2024-12-02,2021,6.3,642799,118 min,"Crime, Drama",A children & family story featuring memorable characters and unexpected events.
s0325,Movie,The Gray Man 325,"Anthony Russo, Joe Russo","Actor One, Actor Two, Actor Three",United States,English,2019-04-09,2022,6.5,78849,122 min,Children & Family,"A comedies, dramas story featuring memorable characters and unexpected events."
s0326,Movie,Enola Holmes 326,Harry Bradbeer,"Main Cast, Supporting Cast",United States,English ,2025-01-09,2020,6.6,716254,123 min,Romantic Movies,A romantic movies story featuring memorable characters and unexpected events.
s0327,Movie,Glass Onion 327,Rian Johnson,,United States,English,2024-12-25,2022,7.1,569707,139 min,"Crime, Drama","A crime, drama story featuring memorable characters and unexpected events."
s0328,Movie,All Quiet on the Western Front 328,Edward Berger,"Lead Actor, Lead Actress",Germany,german,2018-10-17,2022,7.8,534669,148 min,Documentaries,"A action, thriller story featuring memorable characters and unexpected events."
s0329,Movie,Roma 329,Alfonso Cuarón,"Actor One, Actor Two, Actor Three",Spain,spanish,2019-04-13,2018,7.7,829966,135 min,Children & Family,"A drama, international story featuring memorable characters and unexpected events."
s0330,Movie,The Platform 330,Galder Gaztelu-Urrutia,,Spain,Español,2021-01-27,2019,7.0,388031,94 min,Children & Family,"A sci-fi, fantasy story featuring memorable characters and unexpected events."
s0331,Movie,The Mitchells vs. the Machines 331,"Michael Rianda, Jeff Rowe","Main Cast, Supporting Cast",United States,Eng,2018-06-25,2021,7.6,70141,114 min,"Crime, Drama",A international movies story featuring memorable characters and unexpected events.
s0332,Movie,Klaus 332,Sergio Pablos,,United States,english ,2025-01-24,2019,8.2,552431,96 min,International Movies,A international movies story featuring memorable characters and unexpected events.
s0333,Movie,The Half of It 333,Alice Wu,"Actor One, Actor Two, Actor Three",,English,2023-06-22,2020,6.9,333627,104 min,"Action, Thriller",A children & family story featuring memorable characters and unexpected events.
s0334,Movie,Dangal 334,Nitesh Tiwari,"Lead Actor, Lead Actress",India,Hind,2022-04-02,2016,8.3,135768,161 min,"Sci-Fi, Fantasy",A thrillers story featuring memorable characters and unexpected events.
s0335,Movie,Andhadhun 335,Sriram Raghavan,,India,hindi,2019-01-25,2018,8.2,528490,139 min,"Drama, International","A action, thriller story featuring memorable characters and unexpected events."
s0336,Movie,Drishyam 336,,"Lead Actor, Lead Actress",India,hindi,2022-11-02,2015,8.2,173855,163 min,"Comedies, Dramas",A romantic movies story featuring memorable characters and unexpected events.
s0337,Movie,RRR 337,S. S. Rajamouli,"Lead Actor, Lead Actress",India,telugu,2024-12-24,2022,7.8,545303,187 min,"Crime, Drama","A action, thriller story featuring memorable characters and unexpected events."
s0338,Movie,Kantara 338,Rishab Shetty,,India,kannada,2019-11-02,2022,8.6,288982,148 min,"Comedies, Dramas","A crime, drama story featuring memorable characters and unexpected events."
s0339,Movie,The Lunchbox 339,Ritesh Batra,"Main Cast, Supporting Cast",India,Hind,2023-12-01,2013,7.8,528186,104 min,"Comedies, Dramas",A thrillers story featuring memorable characters and unexpected events.
s0340,Movie,3 Idiots 340,Rajkumar Hirani,"Actor One, Actor Two, Actor Three",India,hindi,2023-07-16,2009,8.4,691931,170 min,Thrillers,A thrillers story featuring memorable characters and unexpected events.
s0341,Movie,Zindagi Na Milegi Dobara 341,Zoya Akhtar,"Main Cast, Supporting Cast",India,Hind,2020-10-23,2011,8.2,30951,155 min,"Action, Thriller","A drama, international story featuring memorable characters and unexpected events."
s0342,Movie,Kabhi Khushi Kabhie Gham 342,Karan Johar,"Lead Actor, Lead Actress",India,Hind,2024-03-21,2001,7.4,683959,210 min,Documentaries,A thrillers story featuring memorable characters and unexpected events.
s0343,Movie,Jawan 343,Atlee,"Main Cast, Supporting Cast",India,Hind,2021-09-12,2023,6.9,523430,169 min,"Sci-Fi, Fantasy","A crime, drama story featuring memorable characters and unexpected events."
s0344,Movie,The Killer 344,David Fincher,,United States, ENGLISH,2024-03-23,2023,6.7,257973,118 min,International Movies,"A crime, drama story featuring memorable characters and unexpected events."
s0345,Movie,Maestro 345,Bradley Cooper,"Main Cast, Supporting Cast",United States,English,10-Feb-2022,2023,6.5,166959,129 min,Children & Family,A international movies story featuring memorable characters and unexpected events.
s0346,Movie,Society of the Snow 346,J. A. Bayona,"Actor One, Actor Two, Actor Three",Spain,Spanish ,2022-06-16,2023,7.8,357917,144 min,Thrillers,"A comedies, dramas story featuring memorable characters and unexpected events."
s0347,Movie,The Adam Project 347,Shawn Levy,"Lead Actor, Lead Actress",United States,english ,2020-07-13,2022,6.7,771064,106 min,Romantic Movies,A international movies story featuring memorable characters and unexpected events.
s0348,Movie,Don't Look Up 348,Adam McKay,,United States, ENGLISH,2018-06-29,2021,7.2,590133,138 min,"Action, Thriller",A romantic movies story featuring memorable characters and unexpected events.
s0349,Movie,The Power of the Dog 349,Jane Campion,"Main Cast, Supporting Cast",United States,English ,2019-09-27,2021,6.8,281664,126 min,Children & Family,A documentaries story featuring memorable characters and unexpected events.
s0350,Movie,Marriage Story 350,Noah Baumbach,"Main Cast, Supporting Cast",United States,English,2018-08-10,2019,7.9,305509,137 min,International Movies,A thrillers story featuring memorable characters and unexpected events.
s0351,TV Show,Stranger Things 351,The Duffer Brothers,"Lead Actor, Lead Actress",United States,english,2021-09-18,2016,8.7,606948,30 min,Romantic Movies,A documentaries story featuring memorable characters and unexpected events.
s0352,TV Show,The Crown 352,Peter Morgan,,United States,English ,2018-10-24,2016,8.6,524187,35 min,"Crime, Drama",A children & family story featuring memorable characters and unexpected events.
s0353,TV Show,Money Heist 353,Álex Pina,,Spain,Spanish,2017-04-14,2017,8.2,480641,40 min,Documentaries,A documentaries story featuring memorable characters and unexpected events.
s0354,TV Show,Dark 354,"Baran bo Odar, Jantje Friese","Main Cast, Supporting Cast",Germany, GERMAN,2023-07-27,2017,8.7,296223,45 min,Children & Family,A thrillers story featuring memorable characters and unexpected events.
s0355,TV Show,Breaking Bad 355,Vince Gilligan,"Lead Actor, Lead Actress",United States,english ,2024-05-12,2008,9.5,563961,50 min,"Drama, International","A action, thriller story featuring memorable characters and unexpected events."
s0356,TV Show,Narcos 356,"Carlo Bernard, Chris Brancato","Lead Actor, Lead Actress",Spain,spanish,"November 10, 2021",2015,8.8,802161,55 min,International Movies,A romantic movies story featuring memorable characters and unexpected events.
s0357,TV Show,Wednesday 357,"Alfred Gough, Miles Millar",,United States,English ,2017-07-14,2022,,590307,60 min,Documentaries,A romantic movies story featuring memorable characters and unexpected events.
s0358,TV Show,Bridgerton 358,Chris Van Dusen,,United States, ENGLISH,2023-03-26,2020,7.4,529950,65 min,Children & Family,"A sci-fi, fantasy story featuring memorable characters and unexpected events."
s0359,TV Show,The Witcher 359,Lauren Schmidt Hissrich,,United States,Eng,2020-02-29,2019,8.0,125782,25 min,"Comedies, Dramas","A action, thriller story featuring memorable characters and unexpected events."
s0360,TV Show,Squid Game 360,Hwang Dong-hyuk,,South Korea, KOREAN,2021-06-11,2021,8.0,384566,30 min,"Comedies, Dramas",A documentaries story featuring memorable characters and unexpected events.
s0361,TV Show,The Queen's Gambit 361,"Scott Frank, Allan Scott",,United States,Eng,2023-10-13,2020,8.5,43410,35 min,"Drama, International","A drama, international story featuring memorable characters and unexpected events."
s0362,TV Show,Peaky Blinders 362,Steven Knight,,United States,english ,2018-07-25,2013,8.8,545759,40 min,Children & Family,"A comedies, dramas story featuring memorable characters and unexpected events."
s0363,TV Show,Black Mirror 363,Charlie Brooker,"Lead Actor, Lead Actress",United States,Eng,2023-10-29,2011,8.7,644048,45 min,Romantic Movies,"A comedies, dramas story featuring memorable characters and unexpected events."
s0364,TV Show,The Umbrella Academy 364,Steve Blackman,"Lead Actor, Lead Actress",United States,Eng,2021-06-07,2019,7.8,623765,50 min,Romantic Movies,"A sci-fi, fantasy story featuring memorable characters and unexpected events."
s0365,TV Show,Lupin 365,George Kay,,France,French ,2022-09-28,2021,7.5,315553,55 min,Children & Family,"A drama, international story featuring memorable characters and unexpected events."
s0366,TV Show,Sacred Games 366,"Vikramaditya Motwane, Anurag Kashyap","Main Cast, Supporting Cast",India, HINDI,2021-02-26,2018,8.5,437974,60 min,Thrillers,"A crime, drama story featuring memorable characters and unexpected events."
s0367,TV Show,Delhi Crime 367,Richie Mehta,,India,Hindi,2025-02-27,2019,8.5,279628,65 min,Thrillers,A thrillers story featuring memorable characters and unexpected events.
s0368,TV Show,Paatal Lok 368,Sudip Sharma,,India,Hindi,2019-07-31,2020,8.1,179994,25 min,"Sci-Fi, Fantasy",A thrillers story featuring memorable characters and unexpected events.
s0369,TV Show,Kota Factory 369,Saurabh Khanna,"Actor One, Actor Two, Actor Three",India,hindi,2021-04-16,2019,9.0,34304,30 min,Thrillers,"A action, thriller story featuring memorable characters and unexpected events."
s0370,TV Show,The Family Man 370,"Raj Nidimoru, Krishna D.K.","Lead Actor, Lead Actress",India,Hindi,2019-03-02,2019,8.7,440322,35 min,"Comedies, Dramas",A international movies story featuring memorable characters and unexpected events.
s0371,Movie,The Irishman 371,Martin Scorsese,,United States,english,2024-10-08,2019,7.8,527395,209 min,Thrillers,A children & family story featuring memorable characters and unexpected events.
s0372,Movie,Extraction 372,Sam Hargrave,"Main Cast, Supporting Cast",United States,english ,2025-04-11,2020,6.8,741258,116 min,"Comedies, Dramas","A sci-fi, fantasy story featuring memorable characters and unexpected events."
s0373,Movie,Bird Box 373,Susanne Bier,"Lead Actor, Lead Actress",United States,Eng,2019-05-09,2018,6.6,695595,124 min,Children & Family,"A sci-fi, fantasy story featuring memorable characters and unexpected events."
s0374,Movie,Red Notice 374,Rawson Marshall Thurber,"Actor One, Actor Two, Actor Three",United States, ENGLISH,2021-04-02,2021,6.3,483192,118 min,"Sci-Fi, Fantasy",A romantic movies story featuring memorable characters and unexpected events.
s0375,Movie,The Gray Man 375,"Anthony Russo, Joe Russo","Lead Actor, Lead Actress",United States, ENGLISH,2023-02-25,2022,6.5,640911,122 min,Children & Family,A documentaries story featuring memorable characters and unexpected events.
s0376,Movie,Enola Holmes 376,Harry Bradbeer,,United States, ENGLISH,2019-10-16,2020,6.6,314199,123 min,Documentaries,"A crime, drama story featuring memorable characters and unexpected events."
s0377,Movie,Glass Onion 377,Rian Johnson,"Actor One, Actor Two, Actor Three",United States,english ,2020-04-07,2022,7.1,724969,139 min,Children & Family,A romantic movies story featuring memorable characters and unexpected events.
s0378,Movie,All Quiet on the Western Front 378,Edward Berger,,Germany, GERMAN,2022-05-29,2022,7.8,835242,148 min,"Crime, Drama","A crime, drama story featuring memorable characters and unexpected events."
s0379,Movie,Roma 379,Alfonso Cuarón,,Spain,Español,2018-05-24,2018,7.7,399338,135 min,International Movies,A romantic movies story featuring memorable characters and unexpected events.
s0380,Movie,The Platform 380,Galder Gaztelu-Urrutia,"Main Cast, Supporting Cast",Spain, SPANISH,2018-09-01,2019,7.0,302802,94 min,"Action, Thriller",A romantic movies story featuring memorable characters and unexpected events.
s0381,Movie,The Mitchells vs. the Machines 381,"Michael Rianda, Jeff Rowe","Lead Actor, Lead Actress",United States,english ,2021-12-26,2021,7.6,784841,114 min,Children & Family,A documentaries story featuring memorable characters and unexpected events.
s0382,Movie,Klaus 382,Sergio Pablos,"Lead Actor, Lead Actress",United States,Eng,2019-04-17,2019,8.2,590518,96 min,"Crime, Drama","A comedies, dramas story featuring memorable characters and unexpected events."
s0383,Movie,The Half of It 383,Alice Wu,,United States,Eng,2018-04-02,2020,6.9,252105,104 min,Documentaries,"A drama, international story featuring memorable characters and unexpected events."
s0384,Movie,Dangal 384,Nitesh Tiwari,"Actor One, Actor Two, Actor Three",India,Hind,2024-07-15,2016,8.3,670133,161 min,Documentaries,"A drama, international story featuring memorable characters and unexpected events."
s0385,Movie,Andhadhun 385,Sriram Raghavan,"Lead Actor, Lead Actress",India,Hindi ,2018-02-24,2018,8.2,753404,139 min,Children & Family,"A action, thriller story featuring memorable characters and unexpected events."
s0386,Movie,Drishyam 386,Nishikant Kamat,"Main Cast, Supporting Cast",India,hindi,2024-08-31,2015,8.2,578286,163 min,"Comedies, Dramas",A international movies story featuring memorable characters and unexpected events.
s0387,Movie,RRR 387,S. S. Rajamouli,,India,Telugu ,2024-05-07,2022,7.8,683339,187 min,Documentaries,"A crime, drama story featuring memorable characters and unexpected events."
s0388,Movie,Kantara 388,Rishab Shetty,"Main Cast, Supporting Cast",India, KANNADA,17-Aug-2020,2022,8.6,807266,148 min,"Action, Thriller",A thrillers story featuring memorable characters and unexpected events.
s0389,Movie,The Lunchbox 389,Ritesh Batra,"Main Cast, Supporting Cast",India,,2019-08-19,2013,7.8,184768,104 min,International Movies,"A comedies, dramas story featuring memorable characters and unexpected events."
s0390,Movie,3 Idiots 390,Rajkumar Hirani,,India,Hindi ,2017-06-07,2009,8.4,196561,170 min,"Crime, Drama","A drama, international story featuring memorable characters and unexpected events."
s0391,Movie,Zindagi Na Milegi Dobara 391,Zoya Akhtar,,India, HINDI,2017-02-16,2011,8.2,633263,155 min,"Action, Thriller",A romantic movies story featuring memorable characters and unexpected events.
s0392,Movie,Kabhi Khushi Kabhie Gham 392,Karan Johar,,India,Hindi ,2020-03-20,2001,7.4,550987,210 min,Children & Family,"A comedies, dramas story featuring memorable characters and unexpected events."
s0393,Movie,Jawan 393,Atlee,"Lead Actor, Lead Actress",India,Hindi ,2022-09-06,2023,6.9,203377,169 min,"Action, Thriller",A romantic movies story featuring memorable characters and unexpected events.
s0394,Movie,The Killer 394,David Fincher,,United States,english ,2018-11-06,2023,6.7,680976,118 min,"Crime, Drama","A comedies, dramas story featuring memorable characters and unexpected events."
s0395,Movie,Maestro 395,Bradley Cooper,"Lead Actor, Lead Actress",United States,english ,2017-03-08,2023,6.5,830379,129 min,"Crime, Drama",A thrillers story featuring memorable characters and unexpected events.
s0396,Movie,Society of the Snow 396,J. A. Bayona,,Spain,spanish,2024-08-03,2023,7.8,641832,144 min,International Movies,A international movies story featuring memorable characters and unexpected events.
s0397,Movie,The Adam Project 397,Shawn Levy,"Main Cast, Supporting Cast",United States, ENGLISH,2022-10-21,2022,6.7,421504,106 min,"Action, Thriller","A comedies, dramas story featuring memorable characters and unexpected events."
s0398,Movie,Don't Look Up 398,Adam McKay,"Lead Actor, Lead Actress",United States,English ,2018-08-08,2021,7.2,261296,138 min,"Drama, International","A crime, drama story featuring memorable characters and unexpected events."
s0399,Movie,The Power of the Dog 399,Jane Campion,,United States,english,2021-04-30,2021,6.8,791571,126 min,"Crime, Drama",A romantic movies story featuring memorable characters and unexpected events.
s0400,Movie,Marriage Story 400,Noah Baumbach,,United States,Eng,2020-05-30,2019,7.9,13191,137 min,"Crime, Drama",A romantic movies story featuring memorable characters and unexpected events.
s0401,TV Show,Stranger Things 401,The Duffer Brothers,"Main Cast, Supporting Cast",United States,english,2024-10-17,2016,8.7,489202,40 min,"Crime, Drama","A comedies, dramas story featuring memorable characters and unexpected events."
s0402,TV Show,The Crown 402,Peter Morgan,"Lead Actor, Lead Actress",United States,english ,2021-07-28,2016,8.6,725021,45 min,"Action, Thriller","A crime, drama story featuring memorable characters and unexpected events."
s0403,TV Show,Money Heist 403,,"Actor One, Actor Two, Actor Three",Spain,Español,2021-02-23,2017,8.2,141257,50 min,Children & Family,"A comedies, dramas story featuring memorable characters and unexpected events."
s0404,TV Show,Dark 404,"Baran bo Odar, Jantje Friese",,Germany, GERMAN,2022-02-16,2017,8.7,494899,55 min,"Sci-Fi, Fantasy",A documentaries story featuring memorable characters and unexpected events.
s0405,TV Show,Breaking Bad 405,Vince Gilligan,"Main Cast, Supporting Cast",United States,english ,2019-10-20,2008,9.5,552233,60 min,Children & Family,"A sci-fi, fantasy story featuring memorable characters and unexpected events."
s0406,TV Show,Narcos 406,"Carlo Bernard, Chris Brancato",,Spain, SPANISH,2024-12-01,2015,8.8,118859,65 min,"Drama, International","A sci-fi, fantasy story featuring memorable characters and unexpected events."
s0407,TV Show,Wednesday 407,"Alfred Gough, Miles Millar",,United States,english,2022-09-11,2022,8.0,158331,25 min,"Comedies, Dramas",A romantic movies story featuring memorable characters and unexpected events.
s0408,TV Show,Bridgerton 408,Chris Van Dusen,"Actor One, Actor Two, Actor Three",United States,English ,2022-11-11,2020,7.4,752942,30 min,Thrillers,A children & family story featuring memorable characters and unexpected events.
s0409,TV Show,The Witcher 409,Lauren Schmidt Hissrich,"Main Cast, Supporting Cast",United States,Eng,2018-01-17,2019,8.0,476658,35 min,"Comedies, Dramas","A sci-fi, fantasy story featuring memorable characters and unexpected events."
s0410,TV Show,Squid Game 410,Hwang Dong-hyuk,"Main Cast, Supporting Cast",South Korea,Korean ,2021-09-07,2021,8.0,587141,40 min,Children & Family,"A crime, drama story featuring memorable characters and unexpected events."
s0411,TV Show,The Queen's Gambit 411,"Scott Frank, Allan Scott","Lead Actor, Lead Actress",United States,English,2025-02-19,2020,8.5,4361,45 min,Documentaries,A thrillers story featuring memorable characters and unexpected events.
s0412,TV Show,Peaky Blinders 412,Steven Knight,"Lead Actor, Lead Actress",United States,English,2017-11-05,2013,8.8,735606,50 min,"Action, Thriller","A sci-fi, fantasy story featuring memorable characters and unexpected events."
s0413,TV Show,Black Mirror 413,Charlie Brooker,"Main Cast, Supporting Cast",United States,English,2017-09-13,2011,8.7,302236,,International Movies,"A comedies, dramas story featuring memorable characters and unexpected events."
s0414,TV Show,The Umbrella Academy 414,Steve Blackman,,United States,english ,2018-07-18,2019,7.8,393850,55 min,International Movies,A children & family story featuring memorable characters and unexpected events.
s0415,TV Show,Lupin 415,George Kay,,France,French ,2021-04-05,2021,7.5,140649,60 min,Romantic Movies,"A action, thriller story featuring memorable characters and unexpected events."
s0416,TV Show,Sacred Games 416,"Vikramaditya Motwane, Anurag Kashyap",,,Hind,2019-01-11,2018,8.5,134733,65 min,Documentaries,"A drama, international story featuring memorable characters and unexpected events."
s0417,TV Show,Delhi Crime 417,Richie Mehta,,India,Hindi,2025-07-04,2019,8.5,707415,25 min,"Sci-Fi, Fantasy",A international movies story featuring memorable characters and unexpected events.
s0418,TV Show,Paatal Lok 418,Sudip Sharma,"Actor One, Actor Two, Actor Three",India,Hindi ,2022-12-28,2020,8.1,484200,30 min,Romantic Movies,"A comedies, dramas story featuring memorable characters and unexpected events."
s0419,TV Show,Kota Factory 419,Saurabh Khanna,"Main Cast, Supporting Cast",India,hindi,2020-02-13,2019,9.0,34982,35 min,International Movies,A thrillers story featuring memorable characters and unexpected events.
s0420,TV Show,The Family Man 420,"Raj Nidimoru, Krishna D.K.","Main Cast, Supporting Cast",India,hindi,2017-03-15,2019,8.7,106997,40 min,Thrillers,"A drama, international story featuring memorable characters and unexpected events."
s0421,Movie,The Irishman 421,Martin Scorsese,"Main Cast, Supporting Cast",United States,Eng,2022-01-12,2019,7.8,257822,209 min,"Drama, International",A international movies story featuring memorable characters and unexpected events.
s0422,Movie,Extraction 422,Sam Hargrave,,United States,english,2021-12-12,2020,6.8,229023,116 min,"Drama, International","A comedies, dramas story featuring memorable characters and unexpected events."
s0423,Movie,Bird Box 423,Susanne Bier,"Actor One, Actor Two, Actor Three",United States, ENGLISH,2022-09-04,2018,6.6,768251,124 min,Thrillers,A romantic movies story featuring memorable characters and unexpected events.
s0424,Movie,Red Notice 424,Rawson Marshall Thurber,"Lead Actor, Lead Actress",United States,Eng,2023-07-03,2021,6.3,249611,118 min,"Crime, Drama","A comedies, dramas story featuring memorable characters and unexpected events."
s0425,Movie,The Gray Man 425,"Anthony Russo, Joe Russo","Actor One, Actor Two, Actor Three",United States,Eng,2024-06-06,2022,6.5,434849,122 min,"Crime, Drama","A crime, drama story featuring memorable characters and unexpected events."
s0426,Movie,Enola Holmes 426,Harry Bradbeer,,United States,Eng,2017-09-16,2020,6.6,772125,123 min,"Comedies, Dramas",A international movies story featuring memorable characters and unexpected events.
s0427,Movie,Glass Onion 427,Rian Johnson,"Main Cast, Supporting Cast",United States,English ,"April 05, 2023",2022,7.1,362345,139 min,International Movies,"A sci-fi, fantasy story featuring memorable characters and unexpected events."
s0428,Movie,All Quiet on the Western Front 428,Edward Berger,,Germany,German ,2020-08-07,2022,7.8,157666,148 min,"Crime, Drama",A international movies story featuring memorable characters and unexpected events.
s0429,Movie,Roma 429,Alfonso Cuarón,,Spain,Español,2019-02-02,2018,7.7,253873,135 min,Documentaries,"A crime, drama story featuring memorable characters and unexpected events."
s0430,Movie,The Platform 430,Galder Gaztelu-Urrutia,,Spain,spanish,2024-12-17,2019,7.0,61623,94 min,"Sci-Fi, Fantasy",A international movies story featuring memorable characters and unexpected events.
s0431,Movie,The Mitchells vs. the Machines 431,"Michael Rianda, Jeff Rowe",,United States,Eng,12-Sep-2021,2021,7.6,141806,114 min,International Movies,A documentaries story featuring memorable characters and unexpected events.
s0432,Movie,Klaus 432,Sergio Pablos,"Lead Actor, Lead Actress",United States,english,2019-11-20,2019,8.2,679320,96 min,"Action, Thriller",A children & family story featuring memorable characters and unexpected events.
s0433,Movie,The Half of It 433,Alice Wu,,United States,English,2021-03-09,2020,6.9,760982,104 min,Documentaries,"A drama, international story featuring memorable characters and unexpected events."
s0434,Movie,Dangal 434,Nitesh Tiwari,,India,Hindi ,2020-01-14,2016,8.3,633409,161 min,"Drama, International","A action, thriller story featuring memorable characters and unexpected events."
s0435,Movie,Andhadhun 435,Sriram Raghavan,,India,Hind,2019-02-19,2018,8.2,228758,139 min,Children & Family,A documentaries story featuring memorable characters and unexpected events.
s0436,Movie,Drishyam 436,Nishikant Kamat,"Main Cast, Supporting Cast",India, HINDI,2020-10-04,2015,8.2,223296,163 min,Documentaries,"A action, thriller story featuring memorable characters and unexpected events."
s0437,Movie,RRR 437,S. S. Rajamouli,"Actor One, Actor Two, Actor Three",India,Telugu ,2025-05-27,2022,7.8,730617,187 min,Thrillers,A documentaries story featuring memorable characters and unexpected events.
s0438,Movie,Kantara 438,Rishab Shetty,,India,kannada,2021-06-22,2022,8.6,338437,148 min,"Crime, Drama",A international movies story featuring memorable characters and unexpected events.
s0439,Movie,The Lunchbox 439,Ritesh Batra,"Lead Actor, Lead Actress",India,Hind,2022-04-03,2013,7.8,324604,104 min,"Crime, Drama",A romantic movies story featuring memorable characters and unexpected events.
s0440,Movie,3 Idiots 440,Rajkumar Hirani,,India,Hindi ,2022-10-11,2009,8.4,104598,170 min,Children & Family,A romantic movies story featuring memorable characters and unexpected events.
s0441,Movie,Zindagi Na Milegi Dobara 441,Zoya Akhtar,"Lead Actor, Lead Actress",India, HINDI,2019-04-22,2011,8.2,435237,155 min,"Drama, International",A thrillers story featuring memorable characters and unexpected events.
s0442,Movie,Kabhi Khushi Kabhie Gham 442,Karan Johar,"Main Cast, Supporting Cast",India,hindi,2019-07-05,2001,7.4,274641,210 min,"Sci-Fi, Fantasy",A thrillers story featuring memorable characters and unexpected events.
s0443,Movie,Jawan 443,Atlee,"Lead Actor, Lead Actress",India,Hindi ,2023-07-10,2023,6.9,161014,169 min,Documentaries,A romantic movies story featuring memorable characters and unexpected events.
s0444,Movie,The Killer 444,David Fincher,,United States,English ,2019-08-10,2023,6.7,258866,118 min,Children & Family,"A sci-fi, fantasy story featuring memorable characters and unexpected events."
s0445,Movie,Maestro 445,Bradley Cooper,"Lead Actor, Lead Actress",United States,english ,2024-05-14,2023,6.5,271026,129 min,Children & Family,A children & family story featuring memorable characters and unexpected events.
s0446,Movie,Society of the Snow 446,J. A. Bayona,"Lead Actor, Lead Actress",Spain,spanish,2022-03-12,2023,,178687,144 min,"Comedies, Dramas","A sci-fi, fantasy story featuring memorable characters and unexpected events."
s0447,Movie,The Adam Project 447,Shawn Levy,,United States,english,2022-07-03,2022,6.7,674185,106 min,"Drama, International","A sci-fi, fantasy story featuring memorable characters and unexpected events."
s0448,Movie,Don't Look Up 448,Adam McKay,"Main Cast, Supporting Cast",United States,English,2017-05-28,2021,7.2,802667,138 min,"Drama, International",A international movies story featuring memorable characters and unexpected events.
s0449,Movie,The Power of the Dog 449,Jane Campion,"Actor One, Actor Two, Actor Three",United States,english ,2018-07-27,2021,6.8,72469,126 min,"Comedies, Dramas","A drama, international story featuring memorable characters and unexpected events."
s0450,Movie,Marriage Story 450,Noah Baumbach,,United States,Eng,2019-06-24,2019,7.9,392529,137 min,"Drama, International",A thrillers story featuring memorable characters and unexpected events.
s0451,TV Show,Stranger Things 451,The Duffer Brothers,,United States,english ,2024-03-06,2016,8.7,692509,45 min,Children & Family,"A drama, international story featuring memorable characters and unexpected events."
s0452,TV Show,The Crown 452,Peter Morgan,,United States,Eng,2017-02-06,2016,8.6,13626,50 min,"Drama, International","A sci-fi, fantasy story featuring memorable characters and unexpected events."
s0453,TV Show,Money Heist 453,Álex Pina,"Lead Actor, Lead Actress",Spain, SPANISH,2025-02-15,2017,8.2,19175,55 min,"Sci-Fi, Fantasy",A international movies story featuring memorable characters and unexpected events.
s0454,TV Show,Dark 454,"Baran bo Odar, Jantje Friese",,Germany,German,2019-01-14,2017,8.7,157330,60 min,Documentaries,A documentaries story featuring memorable characters and unexpected events.
s0455,TV Show,Breaking Bad 455,Vince Gilligan,"Lead Actor, Lead Actress",United States,Eng,2023-12-23,2008,9.5,281510,65 min,International Movies,"A action, thriller story featuring memorable characters and unexpected events."
s0456,TV Show,Narcos 456,"Carlo Bernard, Chris Brancato",,Spain,Spanish ,2021-03-18,2015,8.8,256221,25 min,Documentaries,"A crime, drama story featuring memorable characters and unexpected events."
s0457,TV Show,Wednesday 457,"Alfred Gough, Miles Millar","Main Cast, Supporting Cast",United States,English,2024-09-11,2022,8.0,99242,30 min,International Movies,A international movies story featuring memorable characters and unexpected events.
s0458,TV Show,Bridgerton 458,Chris Van Dusen,"Main Cast, Supporting Cast",United States,Eng,2021-04-03,2020,7.4,668878,35 min,"Drama, International","A comedies, dramas story featuring memorable characters and unexpected events."
s0459,TV Show,The Witcher 459,Lauren Schmidt Hissrich,"Lead Actor, Lead Actress",United States,English ,2017-12-14,2019,8.0,594543,40 min,"Action, Thriller","A sci-fi, fantasy story featuring memorable characters and unexpected events."
s0460,TV Show,Squid Game 460,Hwang Dong-hyuk,,South Korea,korean,2017-07-03,2021,8.0,499798,45 min,"Crime, Drama","A drama, international story featuring memorable characters and unexpected events."
s0461,TV Show,The Queen's Gambit 461,"Scott Frank, Allan Scott",,United States,english ,2017-11-10,2020,8.5,592082,50 min,"Drama, International","A comedies, dramas story featuring memorable characters and unexpected events."
s0462,TV Show,Peaky Blinders 462,Steven Knight,,United States,English,2020-07-21,2013,8.8,152395,55 min,International Movies,"A action, thriller story featuring memorable characters and unexpected events."
s0463,TV Show,Black Mirror 463,Charlie Brooker,"Actor One, Actor Two, Actor Three",United States,english,2020-05-19,2011,8.7,595423,60 min,International Movies,"A sci-fi, fantasy story featuring memorable characters and unexpected events."
s0464,TV Show,The Umbrella Academy 464,Steve Blackman,"Actor One, Actor Two, Actor Three",United States,English ,2020-09-29,2019,7.8,830097,65 min,"Action, Thriller","A sci-fi, fantasy story featuring memorable characters and unexpected events."
s0465,TV Show,Lupin 465,George Kay,"Main Cast, Supporting Cast",France, FRENCH,2025-05-21,2021,7.5,459520,25 min,Documentaries,"A action, thriller story featuring memorable characters and unexpected events."
s0466,TV Show,Sacred Games 466,"Vikramaditya Motwane, Anurag Kashyap",,India,Hind,2020-11-05,2018,8.5,417173,30 min,Romantic Movies,"A drama, international story featuring memorable characters and unexpected events."
s0467,TV Show,Delhi Crime 467,Richie Mehta,,India, HINDI,2024-02-20,2019,8.5,240420,35 min,Romantic Movies,"A sci-fi, fantasy story featuring memorable characters and unexpected events."
s0468,TV Show,Paatal Lok 468,Sudip Sharma,,India,Hindi ,2021-03-27,2020,8.1,693964,40 min,International Movies,"A action, thriller story featuring memorable characters and unexpected events."
s0469,TV Show,Kota Factory 469,Saurabh Khanna,"Main Cast, Supporting Cast",India, HINDI,2023-12-18,2019,9.0,87223,45 min,"Crime, Drama","A comedies, dramas story featuring memorable characters and unexpected events."
s0470,TV Show,The Family Man 470,,,India,hindi,2021-04-15,2019,8.7,333261,50 min,Romantic Movies,"A action, thriller story featuring memorable characters and unexpected events."
s0471,Movie,The Irishman 471,Martin Scorsese,"Lead Actor, Lead Actress",United States,English,2018-01-19,2019,7.8,467539,209 min,Romantic Movies,"A crime, drama story featuring memorable characters and unexpected events."
s0472,Movie,Extraction 472,Sam Hargrave,"Main Cast, Supporting Cast",United States,english,2018-03-04,2020,6.8,197694,116 min,International Movies,A children & family story featuring memorable characters and unexpected events.
s0473,Movie,Bird Box 473,Susanne Bier,,United States,Eng,2023-04-10,2018,6.6,429065,124 min,"Action, Thriller","A drama, international story featuring memorable characters and unexpected events."
s0474,Movie,Red Notice 474,Rawson Marshall Thurber,,United States, ENGLISH,12-Jan-2018,2021,6.3,98784,118 min,Thrillers,A thrillers story featuring memorable characters and unexpected events.
s0475,Movie,The Gray Man 475,"Anthony Russo, Joe Russo",,United States,English ,2020-08-30,2022,6.5,307224,122 min,International Movies,A international movies story featuring memorable characters and unexpected events.
s0476,Movie,Enola Holmes 476,Harry Bradbeer,,United States,english ,2017-12-22,2020,6.6,255733,123 min,Thrillers,"A sci-fi, fantasy story featuring memorable characters and unexpected events."
s0477,Movie,Glass Onion 477,Rian Johnson,,United States,english ,2018-12-05,2022,7.1,178935,139 min,"Comedies, Dramas","A crime, drama story featuring memorable characters and unexpected events."
s0478,Movie,All Quiet on the Western Front 478,Edward Berger,,Germany, GERMAN,2020-05-27,2022,7.8,154223,148 min,"Action, Thriller","A comedies, dramas story featuring memorable characters and unexpected events."
s0479,Movie,Roma 479,Alfonso Cuarón,,Spain, SPANISH,2021-11-25,2018,7.7,315513,135 min,Children & Family,"A action, thriller story featuring memorable characters and unexpected events."
s0480,Movie,The Platform 480,Galder Gaztelu-Urrutia,"Actor One, Actor Two, Actor Three",Spain, SPANISH,2021-01-28,2019,7.0,757117,94 min,Children & Family,A thrillers story featuring memorable characters and unexpected events.
s0481,Movie,The Mitchells vs. the Machines 481,"Michael Rianda, Jeff Rowe",,United States,english,2023-12-10,2021,7.6,113368,114 min,"Comedies, Dramas","A crime, drama story featuring memorable characters and unexpected events."
s0482,Movie,Klaus 482,Sergio Pablos,"Lead Actor, Lead Actress",United States,English ,2017-02-06,2019,8.2,651518,96 min,International Movies,A romantic movies story featuring memorable characters and unexpected events.
s0483,Movie,The Half of It 483,Alice Wu,,United States, ENGLISH,2021-12-18,2020,6.9,683861,104 min,Thrillers,"A comedies, dramas story featuring memorable characters and unexpected events."
s0484,Movie,Dangal 484,Nitesh Tiwari,,India, HINDI,2020-05-24,2016,8.3,730266,161 min,Documentaries,A children & family story featuring memorable characters and unexpected events.
s0485,Movie,Andhadhun 485,Sriram Raghavan,,India,hindi,2020-07-19,2018,8.2,335840,139 min,"Crime, Drama",A children & family story featuring memorable characters and unexpected events.
s0486,Movie,Drishyam 486,Nishikant Kamat,"Lead Actor, Lead Actress",India,,2023-06-26,2015,8.2,395522,163 min,"Crime, Drama",A international movies story featuring memorable characters and unexpected events.
s0487,Movie,RRR 487,S. S. Rajamouli,,India,Telugu,2021-02-13,2022,7.8,210705,187 min,Thrillers,"A sci-fi, fantasy story featuring memorable characters and unexpected events."
s0488,Movie,Kantara 488,Rishab Shetty,,India,Kannada,2019-01-16,2022,8.6,743976,148 min,Documentaries,A children & family story featuring memorable characters and unexpected events.
s0489,Movie,The Lunchbox 489,Ritesh Batra,,India,Hindi,2020-04-17,2013,7.8,706868,104 min,Children & Family,"A comedies, dramas story featuring memorable characters and unexpected events."
s0490,Movie,3 Idiots 490,Rajkumar Hirani,"Actor One, Actor Two, Actor Three",India, HINDI,2024-02-17,2009,8.4,266155,,"Comedies, Dramas",A international movies story featuring memorable characters and unexpected events.
s0491,Movie,Zindagi Na Milegi Dobara 491,Zoya Akhtar,,India,Hindi,2021-04-03,2011,8.2,628179,155 min,Children & Family,A thrillers story featuring memorable characters and unexpected events.
s0492,Movie,Kabhi Khushi Kabhie Gham 492,Karan Johar,,India,Hind,2021-07-09,2001,7.4,726509,210 min,International Movies,"A sci-fi, fantasy story featuring memorable characters and unexpected events."
s0493,Movie,Jawan 493,Atlee,,India, HINDI,2017-06-09,2023,6.9,623865,169 min,"Action, Thriller","A action, thriller story featuring memorable characters and unexpected events."
s0494,Movie,The Killer 494,David Fincher,"Lead Actor, Lead Actress",United States,english ,2019-10-23,2023,6.7,175618,118 min,Thrillers,"A drama, international story featuring memorable characters and unexpected events."
s0495,Movie,Maestro 495,Bradley Cooper,,United States,english ,2023-05-05,2023,6.5,790445,129 min,Romantic Movies,A international movies story featuring memorable characters and unexpected events.
s0049,Movie,The Power of the Dog 49,Jane Campion,"Main Cast, Supporting Cast",United States,Eng,2017-08-30,2021,6.8,196051,126 min,"Action, Thriller",A thrillers story featuring memorable characters and unexpected events.
s0177,Movie,Glass Onion 177,Rian Johnson,,United States,English,2021-12-18,2022,7.1,480323,139 min,"Drama, International","A comedies, dramas story featuring memorable characters and unexpected events."
s0322,Movie,Extraction 322,Sam Hargrave,"Main Cast, Supporting Cast",United States,English,2019-10-29,2020,6.8,772611,116 min,"Comedies, Dramas",A children & family story featuring memorable characters and unexpected events.
s0445,Movie,Maestro 445,Bradley Cooper,"Lead Actor, Lead Actress",United States,english ,2024-05-14,2023,6.5,271026,129 min,Children & Family,A children & family story featuring memorable characters and unexpected events.
s0500,Movie,Marriage Story 500,Noah Baumbach,"Main Cast, Supporting Cast",United States,English,2021-09-09,2019,7.9,766818,137 min,"Comedies, Dramas",A romantic movies story featuring memorable characters and unexpected events.
